,name,S,posmak,brzina_rezanja,uzorak,komad,fill,split,opseg,maxd,avgd
0,D6d0S1-F0d03-Vc15d0-MJ001-K01,1,0.03,15.0,J001,01,42.8019334807269,14.527599598418698,26.5221685321209,4.64039547270511,3.8545452723053395
1,D6d0S1-F0d03-Vc15d0-MJ002-K01,1,0.03,15.0,J002,01,44.3363767950896,16.0620429127815,29.5740000377918,4.81462188157867,4.01599940517589
2,D6d0S1-F0d03-Vc15d0-MJ003-K02,1,0.03,15.0,J003,02,42.690253484845705,14.415919602537599,24.181551194993897,4.291056648455649,3.82159082078025
3,D6d0S1-F0d03-Vc15d0-MJ004-K02,1,0.03,15.0,J004,02,41.969658378047,13.6953244957389,29.9096312261482,4.3642423781768,3.70734747730452
4,D6d0S1-F0d03-Vc15d0-MJ005-K03,1,0.03,15.0,J005,03,41.0671001256123,12.7927662433042,28.4139676805612,4.476722991121269,3.74299560080167
5,D6d0S1-F0d03-Vc15d0-MJ006-K03,1,0.03,15.0,J006,03,40.2346883932399,11.960354510931802,25.898978281050702,4.36188973805906,3.7490041648297594
6,D6d0S1-F0d03-Vc15d0-MJ007-K04,1,0.03,15.0,J007,04,45.539710220088104,17.265376337779998,31.8055139170376,5.05137252329444,4.02364977550171
7,D6d0S1-F0d03-Vc15d0-MJ008-K04,1,0.03,15.0,J008,04,46.632752390804995,18.3584185084968,29.0734647124996,5.12325690735867,4.09401931718558
8,D6d0S1-F0d03-Vc15d0-MJ009-K05,1,0.03,15.0,J009,05,44.1888264079685,15.9144925256604,28.260702047102498,4.85054104348816,3.9923769645953704
9,D6d0S1-F0d03-Vc15d0-MJ010-K05,1,0.03,15.0,J010,05,41.2981287732539,13.023794890945801,25.5536031757063,4.29919536075608,3.81016247818873
10,D6d0S1-F0d03-Vc30d0-MJ001-K01,1,0.03,30.0,J001,01,42.6726746799839,14.3983407976758,24.5629221868324,4.468104241955629,3.9112406058108102
11,D6d0S1-F0d03-Vc30d0-MJ002-K01,1,0.03,30.0,J002,01,42.6447446135751,14.370410731266901,26.0460457427005,4.8606312566096195,3.8142388553326603
12,D6d0S1-F0d03-Vc30d0-MJ003-K02,1,0.03,30.0,J003,02,42.5188666578585,14.2445327755503,25.1635847866556,4.72763301850611,3.93653245450706
13,D6d0S1-F0d03-Vc30d0-MJ004-K02,1,0.03,30.0,J004,02,45.471552329699605,17.1972184473914,34.054660287988604,5.22233487564496,3.97420710772495
14,D6d0S1-F0d03-Vc30d0-MJ005-K03,1,0.03,30.0,J005,03,40.93006557816079,12.6557316958526,27.246460583296198,4.74536185611085,3.8996471311245298
15,D6d0S1-F0d03-Vc30d0-MJ006-K03,1,0.03,30.0,J006,03,40.471959021811294,12.1976251395031,33.729316722282704,4.89987777675259,3.8791090675837703
16,D6d0S1-F0d03-Vc30d0-MJ007-K04,1,0.03,30.0,J007,04,43.221153572468396,14.946819690160199,27.3566548701692,4.83295911803986,3.92606283714688
17,D6d0S1-F0d03-Vc30d0-MJ008-K04,1,0.03,30.0,J008,04,41.0140034658587,12.739669583550501,25.385757245084896,4.4554970843967805,3.7715576989105295
18,D6d0S1-F0d03-Vc30d0-MJ009-K05,1,0.03,30.0,J009,05,40.834440842880795,12.5601069605726,26.464503185267603,4.407721334351151,3.7393199656527205
19,D6d0S1-F0d03-Vc30d0-MJ010-K05,1,0.03,30.0,J010,05,41.0172345951987,12.742900712890599,25.354097759478197,4.4183766928899,3.78047095991064
20,D6d0S1-F0d03-Vc45d0-MJ001-K01,1,0.03,45.0,J001,01,42.6475766237093,14.3732427414011,24.4666662185016,4.53085753694069,3.8273100265205096
21,D6d0S1-F0d03-Vc45d0-MJ002-K01,1,0.03,45.0,J002,01,46.298880340639705,18.024546458331603,25.856006408997303,4.78345035281771,4.08929883253317
22,D6d0S1-F0d03-Vc45d0-MJ003-K02,1,0.03,45.0,J003,02,45.2094010461977,16.9350671638896,25.8354230186762,4.68958878531853,4.06105327761124
23,D6d0S1-F0d03-Vc45d0-MJ004-K02,1,0.03,45.0,J004,02,40.726827138318,12.4524932560099,25.759899746164198,5.044124137276951,3.86531885294881
24,D6d0S1-F0d03-Vc45d0-MJ005-K03,1,0.03,45.0,J005,03,41.5754535575766,13.3011196752684,23.236567558252002,4.64922922401726,3.8587877094201297
25,D6d0S1-F0d03-Vc45d0-MJ006-K03,1,0.03,45.0,J006,03,41.124855171641606,12.850521289333502,28.8551335109334,4.91514448773795,3.89758161867807
26,D6d0S1-F0d03-Vc45d0-MJ007-K04,1,0.03,45.0,J007,04,44.551887489075,16.2775536067668,26.299550691014105,4.7187101740239505,3.8964094941416203
27,D6d0S1-F0d03-Vc45d0-MJ008-K04,1,0.03,45.0,J008,04,46.148367194680205,17.874033312372,26.0286511517898,4.910684171798231,3.96694675841956
28,D6d0S1-F0d03-Vc45d0-MJ009-K05,1,0.03,45.0,J009,05,44.997688551365,16.7233546690569,26.8048611083007,4.941099678020519,3.97640233155236
29,D6d0S1-F0d03-Vc45d0-MJ010-K05,1,0.03,45.0,J010,05,45.291551723980206,17.0172178416721,26.2898767891187,4.7407994573167,3.9810504318171502
30,D6d0S1-F0d03-Vc60d0-MJ001-K01,1,0.03,60.0,J001,01,42.588187970412704,14.3138540881045,23.627520838903603,4.6556905578092005,3.92908144875826
31,D6d0S1-F0d03-Vc60d0-MJ002-K01,1,0.03,60.0,J002,01,43.1635881092278,14.889254226919599,24.495767363653396,4.45675475731078,3.9288402422816002
32,D6d0S1-F0d03-Vc60d0-MJ003-K02,1,0.03,60.0,J003,02,46.5481622924193,18.2738284101111,25.0037926704664,4.64870392318248,4.00502156036967
33,D6d0S1-F0d03-Vc60d0-MJ004-K02,1,0.03,60.0,J004,02,41.4147077354144,13.1403738531063,23.7105222279601,4.34397404000292,3.79396819707232
34,D6d0S1-F0d03-Vc60d0-MJ005-K03,1,0.03,60.0,J005,03,42.858121718320795,14.5837878360127,25.594669335378498,4.7486316973749405,3.85563949814101
35,D6d0S1-F0d03-Vc60d0-MJ006-K03,1,0.03,60.0,J006,03,38.5074002719611,10.233066389652901,26.4835111479677,4.48913253957949,3.6665068705899397
36,D6d0S1-F0d03-Vc60d0-MJ007-K04,1,0.03,60.0,J007,04,42.6396660669338,14.3653321846257,25.7070936260549,4.55711699744285,3.7911016814895295
37,D6d0S1-F0d03-Vc60d0-MJ008-K04,1,0.03,60.0,J008,04,48.1632067027245,19.8888728204164,26.5925155043155,4.95093464365176,4.00159344853167
38,D6d0S1-F0d03-Vc60d0-MJ009-K05,1,0.03,60.0,J009,05,43.099374668269206,14.825040785961098,24.847609058763197,4.41795329438129,3.8958695295094103
39,D6d0S1-F0d03-Vc60d0-MJ010-K05,1,0.03,60.0,J010,05,46.003649040179006,17.729315157870897,28.4063779950811,5.190916534342519,4.037812929414169
40,D6d0S1-F0d06-Vc15d0-MJ001-K01,1,0.06,15.0,J001,01,42.8036432501761,14.529309367867901,24.5077962491485,4.6642408593459805,3.99240938208475
41,D6d0S1-F0d06-Vc15d0-MJ002-K01,1,0.06,15.0,J002,01,39.9531068546443,11.6787729723361,23.738271676034103,4.5012094228517805,3.67966351849786
42,D6d0S1-F0d06-Vc15d0-MJ003-K02,1,0.06,15.0,J003,02,40.7247461815275,12.4504122992193,23.22902166204,4.34693020134719,3.74030679411937
43,D6d0S1-F0d06-Vc15d0-MJ004-K02,1,0.06,15.0,J004,02,44.1385780321432,15.8642441498351,24.873325430608503,4.91079626878108,3.92807770547296
44,D6d0S1-F0d06-Vc15d0-MJ005-K03,1,0.06,15.0,J005,03,42.002226844921,13.7278929626128,26.733501026001395,4.70989770637651,3.79935212733842
45,D6d0S1-F0d06-Vc15d0-MJ006-K03,1,0.06,15.0,J006,03,39.7895105566517,11.5151766743436,26.2063637738065,4.53259869841663,3.71293023879029
46,D6d0S1-F0d06-Vc15d0-MJ007-K04,1,0.06,15.0,J007,04,40.969299760683796,12.6949658783757,26.8049425131843,5.115894678988241,3.8080849137428703
47,D6d0S1-F0d06-Vc15d0-MJ008-K04,1,0.06,15.0,J008,04,42.389068154358505,14.114734272050299,26.452503338044,4.79390617954413,3.8132740164299603
48,D6d0S1-F0d06-Vc15d0-MJ009-K05,1,0.06,15.0,J009,05,44.4478209671,16.1734870847918,27.6665031726832,4.63419066345844,3.9102337301523
49,D6d0S1-F0d06-Vc15d0-MJ010-K05,1,0.06,15.0,J010,05,45.064636051504706,16.790302169196597,27.3012110517194,4.91139155913908,3.94661591739033
50,D6d0S1-F0d06-Vc30d0-MJ001-K01,1,0.06,30.0,J001,01,42.1050718391714,13.830737956863198,39.814092598832296,4.59495516357162,3.7839208760765
51,D6d0S1-F0d06-Vc30d0-MJ002-K01,1,0.06,30.0,J002,01,44.0050775208232,15.730743638515,30.085334319734002,5.40571039098325,4.05659158177522
52,D6d0S1-F0d06-Vc30d0-MJ003-K02,1,0.06,30.0,J003,02,40.9536778216593,12.679343939351199,25.418050497133102,4.43634033085588,3.81978927750557
53,D6d0S1-F0d06-Vc30d0-MJ004-K02,1,0.06,30.0,J004,02,43.4006338942512,15.1263000119431,30.984063059261604,5.11690032898896,3.84612759645692
54,D6d0S1-F0d06-Vc30d0-MJ005-K03,1,0.06,30.0,J005,03,42.8030429078295,14.547756036928599,27.322160142592303,4.87848211297954,3.92902548838327
55,D6d0S1-F0d06-Vc30d0-MJ006-K03,1,0.06,30.0,J006,03,41.253426052600204,12.979092170292098,26.565791903703605,4.666010959099349,3.81337336246503
56,D6d0S1-F0d06-Vc30d0-MJ007-K04,1,0.06,30.0,J007,04,45.705315293013896,17.4309814107058,28.8544403857258,5.17280929197268,4.08830910617132
57,D6d0S1-F0d06-Vc30d0-MJ008-K04,1,0.06,30.0,J008,04,40.1214556555595,11.847121773251299,25.941155736223998,4.45389899174207,3.7287686768591404
58,D6d0S1-F0d06-Vc30d0-MJ009-K05,1,0.06,30.0,J009,05,43.457499448406296,15.183165566098099,25.6442527018158,4.747420546614519,3.8865158136772595
59,D6d0S1-F0d06-Vc30d0-MJ010-K05,1,0.06,30.0,J010,05,46.2683882511722,17.994054368864,27.253604966830697,5.22559742187522,4.04876688727687
60,D6d0S1-F0d06-Vc45d0-MJ001-K01,1,0.06,45.0,J001,01,44.6285207139735,16.354186831665302,41.7790307899311,5.34254623946894,3.8872234551221503
61,D6d0S1-F0d06-Vc45d0-MJ002-K01,1,0.06,45.0,J002,01,42.202024205656,13.927690323348,36.7248058481616,4.95573919410198,3.79346041928342
62,D6d0S1-F0d06-Vc45d0-MJ003-K02,1,0.06,45.0,J003,02,42.3292726186479,14.0549387363398,25.125178798087102,4.58679823936146,3.8605457653049395
63,D6d0S1-F0d06-Vc45d0-MJ004-K02,1,0.06,45.0,J004,02,41.2854656993178,13.011131817009598,33.3755433633986,4.6012153796357,3.8799086632538904
64,D6d0S1-F0d06-Vc45d0-MJ005-K03,1,0.06,45.0,J005,03,39.4537092093238,11.206161959929199,26.8695919432047,4.702077184799769,3.80255726623954
65,D6d0S1-F0d06-Vc45d0-MJ006-K03,1,0.06,45.0,J006,03,38.1770012586316,9.90266737632344,25.009205882761,4.55735709972152,3.6547652292841
66,D6d0S1-F0d06-Vc45d0-MJ007-K04,1,0.06,45.0,J007,04,46.729693986642,18.4553601043339,27.2573863736124,4.88695235551003,3.99838619256716
67,D6d0S1-F0d06-Vc45d0-MJ008-K04,1,0.06,45.0,J008,04,44.4606679582776,16.1863340759695,28.9671059452473,5.15754745967628,4.01843515435353
68,D6d0S1-F0d06-Vc45d0-MJ009-K05,1,0.06,45.0,J009,05,42.2388861094496,13.966292123522699,24.983612100199398,4.6641249058058305,3.8379619556332796
69,D6d0S1-F0d06-Vc45d0-MJ010-K05,1,0.06,45.0,J010,05,44.4700038532849,16.1956699709767,25.786601524999103,4.87264227867331,3.99895330369448
70,D6d0S1-F0d06-Vc60d0-MJ001-K01,1,0.06,60.0,J001,01,42.561921288431705,14.2875874061235,34.2370037958283,4.814661226236059,3.8358882911358303
71,D6d0S1-F0d06-Vc60d0-MJ002-K01,1,0.06,60.0,J002,01,42.4309510101562,14.156617127848001,26.9235125807399,4.85205589338611,3.88207714939396
72,D6d0S1-F0d06-Vc60d0-MJ003-K02,1,0.06,60.0,J003,02,43.950281029703,15.6759471473949,24.4799392517743,4.65741898992333,3.93078924538978
73,D6d0S1-F0d06-Vc60d0-MJ004-K02,1,0.06,60.0,J004,02,44.065902353329804,15.7915684710217,31.498296562467605,4.90814657954288,3.9422346909573998
74,D6d0S1-F0d06-Vc60d0-MJ005-K03,1,0.06,60.0,J005,03,43.7136691019343,15.4393352196262,29.0438074907225,4.99393060103626,3.97390328599542
75,D6d0S1-F0d06-Vc60d0-MJ006-K03,1,0.06,60.0,J006,03,39.6330678340312,11.3587339517231,24.232584959619004,4.58866726948653,3.67275249781134
76,D6d0S1-F0d06-Vc60d0-MJ007-K04,1,0.06,60.0,J007,04,42.4171363527007,14.1428024703925,25.6266497973496,4.62765538656941,3.83316761149921
77,D6d0S1-F0d06-Vc60d0-MJ008-K04,1,0.06,60.0,J008,04,42.794758685489,14.5204248031809,27.5190188301158,4.81660756074398,3.8488794480265702
78,D6d0S1-F0d06-Vc60d0-MJ009-K05,1,0.06,60.0,J009,05,42.938445527179105,14.664111644870902,26.0944492659269,4.9897322954786,3.99035884591577
79,D6d0S1-F0d06-Vc60d0-MJ010-K05,1,0.06,60.0,J010,05,40.0758330594025,11.8014991770943,24.0249314937043,4.25365988527062,3.73708375718325
80,D6d0S1-F0d09-Vc15d0-MJ001-K01,1,0.09,15.0,J001,01,46.187471766136106,17.913137883828,44.5493018954401,5.23730904809429,4.09552997608437
81,D6d0S1-F0d09-Vc15d0-MJ002-K01,1,0.09,15.0,J002,01,44.3403398434663,16.0660059611582,37.9220117425862,5.12367604443311,3.94390644484873
82,D6d0S1-F0d09-Vc15d0-MJ003-K02,1,0.09,15.0,J003,02,45.237814299966004,16.963480417657898,26.360586663399502,5.036760922869719,4.07055975940806
83,D6d0S1-F0d09-Vc15d0-MJ004-K02,1,0.09,15.0,J004,02,43.055790505139,14.781456622830902,33.2960340063166,5.04830272741745,3.8465893730792797
84,D6d0S1-F0d09-Vc15d0-MJ005-K03,1,0.09,15.0,J005,03,42.9363657115517,14.6620318292436,30.9225781195518,4.81303952011496,3.89494142987993
85,D6d0S1-F0d09-Vc15d0-MJ006-K03,1,0.09,15.0,J006,03,41.3341153135493,13.0597814312412,27.435421631704898,4.72217988658675,3.85307518853175
86,D6d0S1-F0d09-Vc15d0-MJ007-K04,1,0.09,15.0,J007,04,42.67162050588829,14.3972866235801,26.469372735167397,4.4548782262547,3.8302858848434402
87,D6d0S1-F0d09-Vc15d0-MJ008-K04,1,0.09,15.0,J008,04,42.1477632198259,13.8734293375177,27.699837550650397,4.87141916202959,3.9021017390717296
88,D6d0S1-F0d09-Vc15d0-MJ009-K05,1,0.09,15.0,J009,05,43.268978573933204,14.994644691624998,27.4814184715982,4.92730152986967,3.93290202776231
89,D6d0S1-F0d09-Vc15d0-MJ010-K05,1,0.09,15.0,J010,05,43.3154751603631,15.041141278055001,26.102425578677,4.6083994352622,3.95061135413348
90,D6d0S1-F0d09-Vc30d0-MJ001-K01,1,0.09,30.0,J001,01,44.7688989636479,16.4945650813397,23.7884417081921,4.87937948315108,4.09155842926472
91,D6d0S1-F0d09-Vc30d0-MJ002-K01,1,0.09,30.0,J002,01,42.2932144236634,14.0188805413552,23.013514208216602,5.00849588129866,3.78261244149766
92,D6d0S1-F0d09-Vc30d0-MJ003-K02,1,0.09,30.0,J003,02,48.255469296902504,19.9811354145943,47.887484383967504,5.51166466109257,3.93004320731875
93,D6d0S1-F0d09-Vc30d0-MJ004-K02,1,0.09,30.0,J004,02,43.10107628272821,14.8267424004201,33.2720940780787,4.97201932956382,3.9228126460907595
94,D6d0S1-F0d09-Vc30d0-MJ005-K03,1,0.09,30.0,J005,03,42.3041393123692,14.0298054300611,29.1079611758156,4.649789246613009,3.89205107770006
95,D6d0S1-F0d09-Vc30d0-MJ006-K03,1,0.09,30.0,J006,03,42.7087552643541,14.434421382046,28.568587660229,5.3325583494688304,4.01054787385489
96,D6d0S1-F0d09-Vc30d0-MJ007-K04,1,0.09,30.0,J007,04,45.4930546077384,17.218720725430302,28.1009718688019,4.88590045908486,4.02208870632768
97,D6d0S1-F0d09-Vc30d0-MJ009-K05,1,0.09,30.0,J009,05,42.0852627970824,13.810928914774301,26.577311639576003,4.83158354803228,3.88616748882097
98,D6d0S1-F0d09-Vc30d0-MJ010-K05,1,0.09,30.0,J010,05,40.9676446287755,12.693310746467303,25.561856226721503,4.57074049573246,3.75262675595553
99,D6d0S1-F0d09-Vc45d0-MJ001-K01,1,0.09,45.0,J001,01,42.2140082807149,13.939674398406698,36.1911489651765,5.0006628160726905,3.86666709484182
100,D6d0S1-F0d09-Vc45d0-MJ002-K01,1,0.09,45.0,J002,01,42.76723932564,14.492905443331802,36.1789001771684,4.83954186389302,3.8688778371287995
101,D6d0S1-F0d09-Vc45d0-MJ003-K02,1,0.09,45.0,J003,02,44.923480637934105,16.649146755626,25.347730250925498,4.986887205419951,3.9785721244965897
102,D6d0S1-F0d09-Vc45d0-MJ004-K02,1,0.09,45.0,J004,02,45.4653052506276,17.1909713683194,34.2406090641646,5.19106913989419,3.97562886840859
103,D6d0S1-F0d09-Vc45d0-MJ005-K03,1,0.09,45.0,J005,03,43.565259313363704,15.2909254310556,27.969100842929997,4.82593437595318,3.98242006385491
104,D6d0S1-F0d09-Vc45d0-MJ006-K03,1,0.09,45.0,J006,03,39.1294201627838,10.856932666612899,26.44229006414,4.550398764837951,3.73087391432222
105,D6d0S1-F0d09-Vc45d0-MJ007-K04,1,0.09,45.0,J007,04,45.34706316185039,17.0727292795423,27.776656263147398,4.97377219349155,3.9767863744731895
106,D6d0S1-F0d09-Vc45d0-MJ008-K04,1,0.09,45.0,J008,04,46.2167014774654,17.9423675951573,27.047568946427603,4.773203602038589,3.99075359537149
107,D6d0S1-F0d09-Vc45d0-MJ009-K05,1,0.09,45.0,J009,05,45.4802336044939,17.2058997221858,34.9523949271628,4.992645982327019,4.07213075077965
108,D6d0S1-F0d09-Vc45d0-MJ010-K05,1,0.09,45.0,J010,05,44.979185430612105,16.704851548304,28.2887699419221,5.036172161365401,3.95074626357948
109,D6d0S1-F0d09-Vc60d0-MJ001-K01,1,0.09,60.0,J001,01,42.349255013541395,14.074921131233198,24.6461526250921,4.84936878680665,3.93908163524798
110,D6d0S1-F0d09-Vc60d0-MJ002-K01,1,0.09,60.0,J002,01,46.203183612588795,17.9288497302807,43.1211345082754,5.370598645652371,3.9951817576832998
111,D6d0S1-F0d09-Vc60d0-MJ003-K02,1,0.09,60.0,J003,02,46.4958066210766,18.221472738768398,38.6934303996389,5.08984951508129,3.93948513277944
112,D6d0S1-F0d09-Vc60d0-MJ004-K02,1,0.09,60.0,J004,02,42.1551994336611,13.880865551352999,31.805431224942303,4.73966278466908,3.8124602787267596
113,D6d0S1-F0d09-Vc60d0-MJ005-K03,1,0.09,60.0,J005,03,44.676787020088796,16.4024531377807,27.568247366505698,4.958519578686571,3.9433465476380496
114,D6d0S1-F0d09-Vc60d0-MJ006-K03,1,0.09,60.0,J006,03,41.0932304399498,12.819196369033598,28.909394951964696,4.83425942412346,3.8604240077909906
115,D6d0S1-F0d09-Vc60d0-MJ007-K04,1,0.09,60.0,J007,04,44.66337962394589,16.3890457416377,32.5218307825345,5.06026107164533,3.9965837217299502
116,D6d0S1-F0d09-Vc60d0-MJ008-K04,1,0.09,60.0,J008,04,44.21429315948111,15.939959277173,27.5723617573136,4.7720244534444,3.9700575055766
117,D6d0S1-F0d09-Vc60d0-MJ009-K05,1,0.09,60.0,J009,05,44.7085732408389,16.4342393585308,30.1824235493267,5.239272215208611,3.99276207198216
118,D6d0S1-F0d09-Vc60d0-MJ010-K05,1,0.09,60.0,J010,05,46.810034955193004,18.535701072884898,27.864909812304695,4.8426167493417305,4.07183699264249
119,D6d0S1-F0d12-Vc15d0-MJ001-K01,1,0.12,15.0,J001,01,44.408057919040395,16.133724036732303,26.644952492464,5.25635763927645,4.01076811113833
120,D6d0S1-F0d12-Vc15d0-MJ002-K01,1,0.12,15.0,J002,01,46.448759492909794,18.1744256106017,54.2616017373738,5.61442724970399,4.08667972723136
121,D6d0S1-F0d12-Vc15d0-MJ003-K02,1,0.12,15.0,J003,02,44.432347982179,16.1580140998708,48.7888434289583,5.2819283594002,3.78310839041593
122,D6d0S1-F0d12-Vc15d0-MJ004-K02,1,0.12,15.0,J004,02,45.2188937932042,16.9445599108961,31.5268810623239,5.15044921557587,3.9407883551601
123,D6d0S1-F0d12-Vc15d0-MJ005-K03,1,0.12,15.0,J005,03,40.4004575575575,12.1261236752494,26.678511702022902,4.504657278935309,3.7439337733226
124,D6d0S1-F0d12-Vc15d0-MJ006-K03,1,0.12,15.0,J006,03,43.621951260166206,15.3476173778581,27.802371686090805,5.0801768443146305,3.9078615058935897
125,D6d0S1-F0d12-Vc15d0-MJ007-K04,1,0.12,15.0,J007,04,47.108779991574295,18.834446109266104,35.1732401730161,5.57078279455006,4.04144529542112
126,D6d0S1-F0d12-Vc15d0-MJ008-K04,1,0.12,15.0,J008,04,48.459679445405996,20.1853455630978,29.4902874868815,5.28367105015852,4.18206296739531
127,D6d0S1-F0d12-Vc15d0-MJ009-K05,1,0.12,15.0,J009,05,44.1793616977814,15.905027815473302,26.5199860796895,4.65220408608167,3.90975049133502
128,D6d0S1-F0d12-Vc15d0-MJ010-K05,1,0.12,15.0,J010,05,46.9566493631289,18.682315480820698,27.638230650317198,4.9134236945522005,4.05689693360105
129,D6d0S1-F0d12-Vc30d0-MJ001-K01,1,0.12,30.0,J001,01,42.491828991081704,14.217495108773502,25.1870154095746,5.03306232190172,3.8923143809078904
130,D6d0S1-F0d12-Vc30d0-MJ002-K01,1,0.12,30.0,J002,01,44.1958911501873,15.9215572678792,51.19088179514971,5.15592090909801,3.9172297594638996
131,D6d0S1-F0d12-Vc30d0-MJ003-K02,1,0.12,30.0,J003,02,46.5501912363679,18.2758573540597,27.3924516101014,5.080263986998959,4.0440291205491
132,D6d0S1-F0d12-Vc30d0-MJ004-K02,1,0.12,30.0,J004,02,42.788654692698,14.5143208103898,28.3774007239403,4.8288926489560895,3.91992938784581
133,D6d0S1-F0d12-Vc30d0-MJ005-K03,1,0.12,30.0,J005,03,44.21110587008929,15.936771987781201,27.770957707104202,4.97711657391407,4.00053141720087
134,D6d0S1-F0d12-Vc30d0-MJ006-K03,1,0.12,30.0,J006,03,38.8099657970213,10.5356319147132,26.8614107049087,4.63231511380123,3.68763347490376
135,D6d0S1-F0d12-Vc30d0-MJ007-K04,1,0.12,30.0,J007,04,44.865455427796796,16.591121545488697,27.9669550647543,5.0370718015672,3.9469471001206
136,D6d0S1-F0d12-Vc30d0-MJ008-K04,1,0.12,30.0,J008,04,42.5363592959939,14.262025413685802,28.6751633344671,5.12645647606077,3.97367190999594
137,D6d0S1-F0d12-Vc30d0-MJ009-K05,1,0.12,30.0,J009,05,43.9310077129199,15.656673830611801,27.0209384145626,4.89821452024566,3.9598061508522004
138,D6d0S1-F0d12-Vc30d0-MJ010-K05,1,0.12,30.0,J010,05,44.4167758702419,16.1424419879338,27.2094259937014,4.9824358991739,4.05276427926095
139,D6d0S1-F0d12-Vc45d0-MJ001-K01,1,0.12,45.0,J001,01,41.9829599670829,13.708626084774801,25.703925580238103,4.69144604496858,3.82271878405986
140,D6d0S1-F0d12-Vc45d0-MJ002-K01,1,0.12,45.0,J002,01,46.885550425866,18.611216543557802,29.571478199501602,5.02993538317246,4.096457628675701
141,D6d0S1-F0d12-Vc45d0-MJ003-K02,1,0.12,45.0,J003,02,44.2175755746372,15.9432416923291,25.450797309139105,5.04187848654931,3.93063716746026
142,D6d0S1-F0d12-Vc45d0-MJ004-K02,1,0.12,45.0,J004,02,46.82586594034839,18.5515320580403,28.4053303468058,5.00493694417887,4.093875567174
143,D6d0S1-F0d12-Vc45d0-MJ005-K03,1,0.12,45.0,J005,03,44.6273439952613,16.3530101129532,28.3102553612091,5.0386296324280995,4.040899562799741
144,D6d0S1-F0d12-Vc45d0-MJ006-K03,1,0.12,45.0,J006,03,40.8215832027967,12.5472493204886,25.523007312190103,4.771809997917741,3.81154052580995
145,D6d0S1-F0d12-Vc45d0-MJ007-K04,1,0.12,45.0,J007,04,45.2397023385503,16.9653684562422,29.132135941873198,5.04852602630731,4.11544098102457
146,D6d0S1-F0d12-Vc45d0-MJ008-K04,1,0.12,45.0,J008,04,45.55579145546329,17.281457573155198,28.8980766338843,5.027575351484249,4.0632194884310495
147,D6d0S1-F0d12-Vc45d0-MJ009-K05,1,0.12,45.0,J009,05,42.6381334747733,14.3637995924651,26.0961893713275,4.988938088836919,3.9182005203161605
148,D6d0S1-F0d12-Vc45d0-MJ010-K05,1,0.12,45.0,J010,05,44.5207799806039,16.246446098295802,25.823682290093497,4.84900539934536,4.03691507935363
149,D6d0S1-F0d12-Vc60d0-MJ001-K01,1,0.12,60.0,J001,01,45.0866565072132,16.8123226249051,26.37738767034,4.73552698808343,4.02305971998169
150,D6d0S1-F0d12-Vc60d0-MJ002-K01,1,0.12,60.0,J002,01,45.8465976006679,17.5722637183597,27.324936635960803,5.3891561194169295,4.06519659336468
151,D6d0S1-F0d12-Vc60d0-MJ003-K02,1,0.12,60.0,J003,02,46.0137246772052,17.739390794897,27.601283389039,4.97881558097592,4.02692778714392
152,D6d0S1-F0d12-Vc60d0-MJ004-K02,1,0.12,60.0,J004,02,47.1136667586971,18.839332876389,31.1928269252645,5.45882364220523,4.1318605350329
153,D6d0S1-F0d12-Vc60d0-MJ005-K03,1,0.12,60.0,J005,03,41.938843440926,13.6645095586179,28.5047967147688,4.843757704308089,3.9019350589459996
154,D6d0S1-F0d12-Vc60d0-MJ006-K03,1,0.12,60.0,J006,03,41.4813224977971,13.206988615489,27.728232516160997,4.92054998531949,3.8511825205422596
155,D6d0S1-F0d12-Vc60d0-MJ007-K04,1,0.12,60.0,J007,04,48.5167048921405,20.2423710098323,28.407664936128302,5.11857734529178,4.06700531381885
156,D6d0S1-F0d12-Vc60d0-MJ008-K04,1,0.12,60.0,J008,04,44.46130456783279,16.1869706855246,27.619989368569797,4.82809985029161,3.97678180571774
157,D6d0S1-F0d12-Vc60d0-MJ009-K05,1,0.12,60.0,J009,05,46.455518215267,18.1811843329588,27.339730464137002,5.11117902000674,4.1262267243887205
158,D6d0S1-F0d12-Vc60d0-MJ010-K05,1,0.12,60.0,J010,05,45.1341746257371,16.8598407434289,29.0446123346806,5.1328338056502005,4.15710136645461
159,D6d0S2-F0d03-Vc15d0-MJ001-K16,2,0.03,15.0,J001,16,39.9175937314557,11.643259849147599,38.6000120278214,4.6612537265975895,3.7699369483617002
160,D6d0S2-F0d03-Vc15d0-MJ002-K16,2,0.03,15.0,J002,16,38.9751844469339,10.700850564625801,37.52108598944879,4.46733934507438,3.75023019429624
161,D6d0S2-F0d03-Vc15d0-MJ003-K17,2,0.03,15.0,J003,17,47.001462982847606,18.7271291005395,50.080815064693205,6.07688136675313,4.1661137195494
162,D6d0S2-F0d03-Vc15d0-MJ004-K17,2,0.03,15.0,J004,17,47.2089909389457,18.9346570566376,32.2299447213972,5.46788083590506,4.2456270478566
163,D6d0S2-F0d03-Vc15d0-MJ005-K18,2,0.03,15.0,J005,18,38.315870520139605,10.0415366378315,24.574463242563,4.25149736179317,3.67489601380088
164,D6d0S2-F0d03-Vc15d0-MJ006-K18,2,0.03,15.0,J006,18,38.270352022419296,9.996018140111179,25.0246001048029,4.39493230160491,3.6774712688280697
165,D6d0S2-F0d03-Vc15d0-MJ007-K19,2,0.03,15.0,J007,19,42.3408813974102,14.0665475151021,27.403273304042102,4.87053262489526,3.90787449359232
166,D6d0S2-F0d03-Vc15d0-MJ008-K19,2,0.03,15.0,J008,19,40.837017180579295,12.562683298271198,27.6125818854953,4.39001548474589,3.86929613524497
167,D6d0S2-F0d03-Vc15d0-MJ009-K20,2,0.03,15.0,J009,20,42.3934822428718,14.1191483605637,26.4619260561426,4.76204350018999,3.94651245296763
168,D6d0S2-F0d03-Vc15d0-MJ010-K20,2,0.03,15.0,J010,20,41.8663518781354,13.592017995827199,28.9042273309899,4.87839598251534,3.86291830636002
169,D6d0S2-F0d03-Vc30d0-MJ001-K16,2,0.03,30.0,J001,16,39.1743868095773,10.900052927269199,24.294536837449304,4.5860670413712805,3.7557265981567998
170,D6d0S2-F0d03-Vc30d0-MJ002-K16,2,0.03,30.0,J002,16,39.061257023448896,10.786923141140802,23.9490198213453,4.78016439339203,3.6728499213181203
171,D6d0S2-F0d03-Vc30d0-MJ003-K17,2,0.03,30.0,J003,17,43.930310825791295,15.6559769434832,46.9184144367149,5.23219446521237,4.01115986620662
172,D6d0S2-F0d03-Vc30d0-MJ004-K17,2,0.03,30.0,J004,17,46.5375230002343,18.263189117926103,25.8814320735077,4.78010520367203,4.06318898054956
173,D6d0S2-F0d03-Vc30d0-MJ005-K18,2,0.03,30.0,J005,18,41.498326757733004,13.2239928754249,26.0411765471839,4.53555241805305,3.84227461864546
174,D6d0S2-F0d03-Vc30d0-MJ006-K18,2,0.03,30.0,J006,18,43.3399005917136,15.0655667094055,31.0256826398986,4.7283422356538605,3.88231552554563
175,D6d0S2-F0d03-Vc30d0-MJ007-K19,2,0.03,30.0,J007,19,39.9945327335989,11.720198851290801,25.902434868849202,4.53247637705066,3.83751104896416
176,D6d0S2-F0d03-Vc30d0-MJ008-K19,2,0.03,30.0,J008,19,41.5454236821288,13.271089799820599,26.985227022635,4.78274836486671,3.78844628427853
177,D6d0S2-F0d03-Vc30d0-MJ009-K20,2,0.03,30.0,J009,20,38.911616197609995,10.637282315301801,25.013487451635104,5.089882355864059,3.7276624591510896
178,D6d0S2-F0d03-Vc30d0-MJ010-K20,2,0.03,30.0,J010,20,43.23882712419821,14.964493241889999,24.9814199234807,4.523319380834179,3.8942940592629998
179,D6d0S2-F0d03-Vc45d0-MJ001-K16,2,0.03,45.0,J001,16,38.7165971373289,10.4422632550207,40.237909928807504,4.49363117138008,3.76845774339556
180,D6d0S2-F0d03-Vc45d0-MJ002-K16,2,0.03,45.0,J002,16,40.422735183620205,12.148401301312001,36.456694559267795,4.49047802992021,3.7688469978692103
181,D6d0S2-F0d03-Vc45d0-MJ003-K17,2,0.03,45.0,J003,17,46.803232602610905,18.5288987203027,48.1920483449481,5.11687358195913,4.06865085413431
182,D6d0S2-F0d03-Vc45d0-MJ004-K17,2,0.03,45.0,J004,17,45.8904603751266,17.6161264928184,31.092658932374896,5.2052200391739,4.03465158660101
183,D6d0S2-F0d03-Vc45d0-MJ005-K18,2,0.03,45.0,J005,18,41.2020028894101,12.927669007101901,26.0522739034663,4.45495621091347,3.8186119808003394
184,D6d0S2-F0d03-Vc45d0-MJ006-K18,2,0.03,45.0,J006,18,43.0045141361598,14.7301802538517,27.7895877166205,4.83769015052328,3.8805927782089595
185,D6d0S2-F0d03-Vc45d0-MJ007-K19,2,0.03,45.0,J007,19,40.4839945217834,12.2096606394752,26.3675081106885,4.669928737915799,3.7925647341472297
186,D6d0S2-F0d03-Vc45d0-MJ008-K19,2,0.03,45.0,J008,19,43.7816409873977,15.5073071050896,31.765761715646896,5.11951499030911,4.105077921369319
187,D6d0S2-F0d03-Vc45d0-MJ009-K20,2,0.03,45.0,J009,20,40.1272824672298,11.852948584921698,25.861835185096197,4.54275226645815,3.7926991841902797
188,D6d0S2-F0d03-Vc45d0-MJ010-K20,2,0.03,45.0,J010,20,39.3663309560632,11.091997073755099,26.935046260139398,4.65150658923846,3.7648342471724505
189,D6d0S2-F0d03-Vc60d0-MJ001-K16,2,0.03,60.0,J001,16,39.1430406079926,10.8687067256845,25.1147145653297,4.50438418651905,3.71764236782214
190,D6d0S2-F0d03-Vc60d0-MJ002-K16,2,0.03,60.0,J002,16,40.81868820208339,12.5443543197753,23.1519672633368,4.35572590870483,3.7395046082689
191,D6d0S2-F0d03-Vc60d0-MJ003-K17,2,0.03,60.0,J003,17,47.906927694618396,19.6325938123103,29.1878341226408,4.963999145542441,4.14702939521847
192,D6d0S2-F0d03-Vc60d0-MJ004-K17,2,0.03,60.0,J004,17,50.4370821148119,22.1627482325037,33.3344630036542,4.9737858835545,4.22293241095053
193,D6d0S2-F0d03-Vc60d0-MJ005-K18,2,0.03,60.0,J005,18,37.9495995103494,9.67526562804124,25.2416594844767,4.5626435466015,3.64686969632913
194,D6d0S2-F0d03-Vc60d0-MJ006-K18,2,0.03,60.0,J006,18,42.5711401518947,14.296806269586599,29.409310809236498,4.56719689279595,3.8631444103239705
195,D6d0S2-F0d03-Vc60d0-MJ007-K19,2,0.03,60.0,J007,19,41.391158237580704,13.1168243552726,27.884603712257398,4.71816101514575,3.8228409476642202
196,D6d0S2-F0d03-Vc60d0-MJ008-K19,2,0.03,60.0,J008,19,46.0008662333051,17.726532350996898,28.5722823350671,5.136597988608799,4.02214514407955
197,D6d0S2-F0d03-Vc60d0-MJ009-K20,2,0.03,60.0,J009,20,40.8456769376643,12.5713430553562,25.2853773373632,4.76774612575135,3.8237459269216902
198,D6d0S2-F0d03-Vc60d0-MJ010-K20,2,0.03,60.0,J010,20,42.440668869137,14.1663349868288,25.932058968291397,4.55082711091272,3.8625339626233397
199,D6d0S2-F0d06-Vc15d0-MJ001-K16,2,0.06,15.0,J001,16,40.8154852876458,12.541151405337699,39.150922896856606,4.75678611115804,3.8750624877749504
200,D6d0S2-F0d06-Vc15d0-MJ002-K16,2,0.06,15.0,J002,16,41.955196324840706,13.680862442532598,37.304291626419705,4.59339820865722,3.8921666217505098
201,D6d0S2-F0d06-Vc15d0-MJ003-K17,2,0.06,15.0,J003,17,44.9093830557995,16.6350491734914,27.1315077739815,4.7480799655130195,3.94376626917327
202,D6d0S2-F0d06-Vc15d0-MJ004-K17,2,0.06,15.0,J004,17,44.482868749029294,16.208534866721198,29.0002296128442,4.86864207665203,3.9663067464219703
203,D6d0S2-F0d06-Vc15d0-MJ005-K18,2,0.06,15.0,J005,18,40.247067804463605,11.9727339221555,26.282262684088202,4.4376680135971,3.71217490203199
204,D6d0S2-F0d06-Vc15d0-MJ006-K18,2,0.06,15.0,J006,18,45.1625161582963,16.8881822759881,30.3396490948035,4.882501671972831,4.04567745282643
205,D6d0S2-F0d06-Vc15d0-MJ007-K19,2,0.06,15.0,J007,19,40.978478509261606,12.7041446269535,28.3792807449004,4.67423105237659,3.76067003949232
206,D6d0S2-F0d06-Vc15d0-MJ008-K19,2,0.06,15.0,J008,19,39.8266990314703,11.5523651491621,27.3274237687988,4.53278097336284,3.80036539286645
207,D6d0S2-F0d06-Vc15d0-MJ009-K20,2,0.06,15.0,J009,20,41.7645685283191,13.490234646010899,26.2762117342072,4.59646400053959,3.90554252665032
208,D6d0S2-F0d06-Vc15d0-MJ010-K20,2,0.06,15.0,J010,20,43.5469555430422,15.272621660734101,27.521572809163104,4.88905869642514,3.9144845826116605
209,D6d0S2-F0d06-Vc30d0-MJ001-K16,2,0.06,30.0,J001,16,43.2442572616104,14.969923379302198,25.4816650696452,4.69780775917158,3.901797929779
210,D6d0S2-F0d06-Vc30d0-MJ002-K16,2,0.06,30.0,J002,16,44.2478118160728,15.973477933764698,38.4721337173042,5.28764213829524,4.010078314316529
211,D6d0S2-F0d06-Vc30d0-MJ003-K17,2,0.06,30.0,J003,17,46.092827124699895,17.8184932423917,27.7002420463898,4.812489760428599,3.9728120068478
212,D6d0S2-F0d06-Vc30d0-MJ004-K17,2,0.06,30.0,J004,17,45.0416878879969,16.7673540056887,30.2425875109411,5.62419762285277,3.99853545020522
213,D6d0S2-F0d06-Vc30d0-MJ005-K18,2,0.06,30.0,J005,18,40.7225357710983,12.4482018887901,28.117634912583497,4.72424091337359,3.7979946084289904
214,D6d0S2-F0d06-Vc30d0-MJ006-K18,2,0.06,30.0,J006,18,39.2629864135246,10.988652531216399,26.9303597457855,4.50082341551771,3.69758618926367
215,D6d0S2-F0d06-Vc30d0-MJ007-K19,2,0.06,30.0,J007,19,42.3047753406921,14.030441458383901,27.4986801984463,4.683589884960379,3.93237517301919
216,D6d0S2-F0d06-Vc30d0-MJ008-K19,2,0.06,30.0,J008,19,40.1223391080901,11.8480052257819,25.165506437587105,4.941826267758559,3.7895752656771
217,D6d0S2-F0d06-Vc30d0-MJ009-K20,2,0.06,30.0,J009,20,41.0564208705218,12.782086988213699,25.178862990377002,4.6563635527122305,3.81683230646106
218,D6d0S2-F0d06-Vc30d0-MJ010-K20,2,0.06,30.0,J010,20,39.5376529910202,11.263319108712098,25.4493982725421,4.4903290888439,3.74976958061616
219,D6d0S2-F0d06-Vc45d0-MJ001-K16,2,0.06,45.0,J001,16,40.742164580015704,12.4678306977075,35.568100752590105,4.87364407536901,3.87994398028229
220,D6d0S2-F0d06-Vc45d0-MJ002-K16,2,0.06,45.0,J002,16,40.221659934463,11.947326052154901,40.5994692807697,4.75475355537993,3.7795300726949
221,D6d0S2-F0d06-Vc45d0-MJ003-K17,2,0.06,45.0,J003,17,48.484309519141796,20.2099756368336,28.8319916524477,4.89310906593356,4.1402570142608
222,D6d0S2-F0d06-Vc45d0-MJ004-K17,2,0.06,45.0,J004,17,44.3404181594044,16.0660842770962,27.3193985636028,4.53165216754007,3.8946937269706603
223,D6d0S2-F0d06-Vc45d0-MJ005-K18,2,0.06,45.0,J005,18,42.5521319958783,14.2777981135702,27.5621751494558,4.602531917863139,3.85415885031892
224,D6d0S2-F0d06-Vc45d0-MJ006-K18,2,0.06,45.0,J006,18,42.3050927876836,14.0307589053754,30.6066654996281,4.649645238278491,3.88583419800672
225,D6d0S2-F0d06-Vc45d0-MJ007-K19,2,0.06,45.0,J007,19,43.9531382989359,15.6788044166278,27.9411455340123,5.44795851347268,4.02101397037277
226,D6d0S2-F0d06-Vc45d0-MJ009-K20,2,0.06,45.0,J009,20,42.452847176358794,14.178513294050699,26.569016469528304,4.63011903468867,3.88239434756817
227,D6d0S2-F0d06-Vc45d0-MJ010-K20,2,0.06,45.0,J010,20,43.087038943622,14.8145534438024,25.4567851372037,4.7512393533185,3.8860202914768203
228,D6d0S2-F0d06-Vc45d0-MJ008-K19,2,0.06,45.0,J008,19,45.967597932176,17.6932640498679,30.5680482017002,4.96644091417234,4.11734418382936
229,D6d0S2-F0d06-Vc60d0-MJ001-K16,2,0.06,60.0,J001,16,40.263065474956704,11.9887315926486,41.404463597440206,4.71230090018846,3.7898596397614104
230,D6d0S2-F0d06-Vc60d0-MJ002-K16,2,0.06,60.0,J002,16,41.4479787767923,13.173644894484198,42.0199001362448,4.98496427425074,3.9274883921478505
231,D6d0S2-F0d06-Vc60d0-MJ003-K17,2,0.06,60.0,J003,17,47.481041578703206,19.206707696395103,24.020744084758395,4.75521433629573,4.06814871258726
232,D6d0S2-F0d06-Vc60d0-MJ004-K17,2,0.06,60.0,J004,17,46.958867177365896,18.6845332950577,29.0924063290958,4.75928637197897,3.9690533631542904
233,D6d0S2-F0d06-Vc60d0-MJ005-K18,2,0.06,60.0,J005,18,32.289323084715,4.0149892024069604,16.0112181203861,3.3809807087029795,3.24890432986987
234,D6d0S2-F0d06-Vc60d0-MJ006-K18,2,0.06,60.0,J006,18,31.2787594557334,3.00442557342528,19.3570211995331,3.41270417314357,3.24764746522772
235,D6d0S2-F0d06-Vc60d0-MJ007-K19,2,0.06,60.0,J007,19,39.4864917623182,11.2121578800101,25.1029566448721,4.34900798434127,3.76316064198859
236,D6d0S2-F0d06-Vc60d0-MJ008-K19,2,0.06,60.0,J008,19,42.4899127684378,14.215578886129698,27.874877064790102,4.97580544604833,3.96968628083757
237,D6d0S2-F0d06-Vc60d0-MJ009-K20,2,0.06,60.0,J009,20,42.3319188194211,14.057584937112999,26.887388311277498,4.9986161448717406,3.99606224582259
238,D6d0S2-F0d06-Vc60d0-MJ010-K20,2,0.06,60.0,J010,20,40.5981889506249,12.323855068316698,26.461524726678,4.41178652358739,3.81228504977858
239,D6d0S2-F0d09-Vc15d0-MJ001-K16,2,0.09,15.0,J001,16,33.2681958859307,4.993862003622519,12.8324075063824,3.37248074554915,3.26529450963417
240,D6d0S2-F0d09-Vc15d0-MJ002-K16,2,0.09,15.0,J002,16,41.90392975668,13.6295958743718,24.1397737495368,4.7567293534051,3.8022322019095802
241,D6d0S2-F0d09-Vc15d0-MJ003-K17,2,0.09,15.0,J003,17,47.7413361686693,19.467002286361197,27.829636747968898,4.78699963168992,4.138277007884009
242,D6d0S2-F0d09-Vc15d0-MJ004-K17,2,0.09,15.0,J004,17,47.7179146268112,19.4435807445031,31.604621930215398,5.0949808797626295,4.0889485907474
243,D6d0S2-F0d09-Vc15d0-MJ005-K18,2,0.09,15.0,J005,18,41.0689238441689,12.7945899618608,29.693867574738604,4.91140114547899,3.77928854792125
244,D6d0S2-F0d09-Vc15d0-MJ006-K18,2,0.09,15.0,J006,18,13.8454377363398,0.237257697036025,15.5044746541819,3.4817419369012006,2.7482461379412095
245,D6d0S2-F0d09-Vc15d0-MJ007-K19,2,0.09,15.0,J007,19,43.6558871068305,15.3815532245225,27.5227275577588,4.84621187640363,3.9748785057697202
246,D6d0S2-F0d09-Vc15d0-MJ008-K19,2,0.09,15.0,J008,19,41.5194048538964,13.245070971588198,26.3561482433594,4.82945169924728,3.88179303538149
247,D6d0S2-F0d09-Vc15d0-MJ009-K20,2,0.09,15.0,J009,20,39.436363985541604,11.1620301032335,25.380899978066697,4.3971548611463,3.78544628057239
248,D6d0S2-F0d09-Vc15d0-MJ010-K20,2,0.09,15.0,J010,20,40.6245173972698,12.350183514961698,26.794271067445003,5.11870441301233,3.81998841222367
249,D6d0S2-F0d09-Vc30d0-MJ001-K16,2,0.09,30.0,J001,16,42.190908508197,13.9165746258889,20.5701900611232,4.58899992900193,3.8978977756615496
250,D6d0S2-F0d09-Vc30d0-MJ002-K16,2,0.09,30.0,J002,16,42.1152468772191,13.840912994911001,24.8560712101278,4.654857426718849,3.87729635733503
251,D6d0S2-F0d09-Vc30d0-MJ003-K17,2,0.09,30.0,J003,17,47.879163579537,19.6048296972288,25.356516375858803,5.02134571573513,4.15050633941034
252,D6d0S2-F0d09-Vc30d0-MJ004-K17,2,0.09,30.0,J004,17,47.217135280609504,18.9428013983014,30.730857663994,4.88368885337698,4.08518493202904
253,D6d0S2-F0d09-Vc30d0-MJ005-K18,2,0.09,30.0,J005,18,40.99833704779171,12.7240031654835,27.8275560242148,4.716801116020481,3.8049793574614705
254,D6d0S2-F0d09-Vc30d0-MJ006-K18,2,0.09,30.0,J006,18,43.337333481402,15.0629995990939,28.626699421115603,4.9018418762596605,3.8964034911317302
255,D6d0S2-F0d09-Vc30d0-MJ007-K19,2,0.09,30.0,J007,19,40.5236340529465,12.249300170638499,25.379405181195803,4.6406796987338605,3.8006645036387097
256,D6d0S2-F0d09-Vc30d0-MJ008-K19,2,0.09,30.0,J008,19,41.60045872944,13.326124847131801,27.7104656528091,5.162273236545441,3.9253969299808102
257,D6d0S2-F0d09-Vc30d0-MJ009-K20,2,0.09,30.0,J009,20,41.6917010719286,13.4173671896205,24.6645686331671,4.55726194869562,3.84416841125925
258,D6d0S2-F0d09-Vc30d0-MJ010-K20,2,0.09,30.0,J010,20,42.2421667599023,13.9678328775942,29.7089369975701,4.95662252587028,3.96451426122748
259,D6d0S2-F0d09-Vc45d0-MJ001-K16,2,0.09,45.0,J001,16,41.7961794025629,13.5218455202547,24.5233137437988,4.60043768621328,3.7945566308978504
260,D6d0S2-F0d09-Vc45d0-MJ002-K16,2,0.09,45.0,J002,16,42.3946795095852,14.1203456272771,24.4286607323288,4.40827689768226,3.80062042381635
261,D6d0S2-F0d09-Vc45d0-MJ003-K17,2,0.09,45.0,J003,17,48.8077805502203,20.533446667912102,28.9092867898307,4.99318739905671,4.1961789830818494
262,D6d0S2-F0d09-Vc45d0-MJ004-K17,2,0.09,45.0,J004,17,47.6616182745117,19.3872843922036,31.5623090790667,5.05884351343166,4.1608042589834495
263,D6d0S2-F0d09-Vc45d0-MJ005-K18,2,0.09,45.0,J005,18,43.02194127389,14.7476073915819,29.990803681145803,4.5983350801275895,3.84444910220126
264,D6d0S2-F0d09-Vc45d0-MJ006-K18,2,0.09,45.0,J006,18,44.2508516966047,15.976517814296598,28.581846790946198,4.73462025830267,3.9705854055840804
265,D6d0S2-F0d09-Vc45d0-MJ007-K19,2,0.09,45.0,J007,19,40.1872192365711,11.912885354262901,29.096404875145,4.9116962547437,3.83993198062519
266,D6d0S2-F0d09-Vc45d0-MJ008-K19,2,0.09,45.0,J008,19,44.0556562647397,15.7813223824316,25.277754590524697,4.75967172728651,3.8875147054988504
267,D6d0S2-F0d09-Vc45d0-MJ009-K20,2,0.09,45.0,J009,20,43.734770456084796,15.460436573776601,27.7546252628198,5.277765394109769,3.97851626363569
268,D6d0S2-F0d09-Vc45d0-MJ010-K20,2,0.09,45.0,J010,20,40.174804276606295,11.9004703942981,26.945848156694602,4.81185436171574,3.79811803630923
269,D6d0S2-F0d09-Vc60d0-MJ001-K16,2,0.09,60.0,J001,16,40.6982129514125,12.4238790691044,23.6587020134849,4.78859110220274,3.74048512806824
270,D6d0S2-F0d09-Vc60d0-MJ002-K16,2,0.09,60.0,J002,16,40.5156205653765,12.241286683068301,23.6324839278223,4.65552159161667,3.8129639048727704
271,D6d0S2-F0d09-Vc60d0-MJ003-K17,2,0.09,60.0,J003,17,48.1127353260996,19.8384014437915,26.887230332435998,5.1862178150209095,4.139118027076701
272,D6d0S2-F0d09-Vc60d0-MJ004-K17,2,0.09,60.0,J004,17,45.514745328109,17.2404114458008,26.707670764217898,4.6862992677751,3.9907969426966696
273,D6d0S2-F0d09-Vc60d0-MJ005-K18,2,0.09,60.0,J005,18,39.8364016260894,11.5620677437813,27.408976179193896,4.637570955459831,3.7891966052495003
274,D6d0S2-F0d09-Vc60d0-MJ006-K18,2,0.09,60.0,J006,18,38.678060022191296,10.403726139883199,27.5331785138486,4.43922194077164,3.70076857029854
275,D6d0S2-F0d09-Vc60d0-MJ007-K19,2,0.09,60.0,J007,19,43.35487952601029,15.0805456437022,30.036720987776498,5.06760703710731,3.9671794896019303
276,D6d0S2-F0d09-Vc60d0-MJ008-K19,2,0.09,60.0,J008,19,42.854025419925605,14.5796915376175,32.279248563195,4.96897756618241,3.96273715751418
277,D6d0S2-F0d09-Vc60d0-MJ009-K20,2,0.09,60.0,J009,20,41.2906505880836,13.0163167057755,25.943490594755996,4.74806638126838,3.8728259718069302
278,D6d0S2-F0d09-Vc60d0-MJ010-K20,2,0.09,60.0,J010,20,43.74113497976089,15.4668010974528,28.122908658077602,4.9554633316484695,4.02069587381957
279,D6d0S2-F0d12-Vc15d0-MJ001-K16,2,0.12,15.0,J001,16,42.294659044894296,14.0203251625862,24.912983007857598,4.54930698588274,3.70103752015254
280,D6d0S2-F0d12-Vc15d0-MJ002-K16,2,0.12,15.0,J002,16,42.0146427267627,13.740308844454598,24.517078365810104,4.70682627727867,3.8334077205167096
281,D6d0S2-F0d12-Vc15d0-MJ003-K17,2,0.12,15.0,J003,17,49.164718383820706,20.890384501512603,30.842607499674397,5.273135632791661,4.23099266948516
282,D6d0S2-F0d12-Vc15d0-MJ004-K17,2,0.12,15.0,J004,17,49.143679980161295,20.8693460978532,29.776537636808,5.10669304513869,4.14618847396831
283,D6d0S2-F0d12-Vc15d0-MJ005-K18,2,0.12,15.0,J005,18,41.2385731772369,12.9642392949288,27.048614156956702,4.5978332612077,3.8221716972135003
284,D6d0S2-F0d12-Vc15d0-MJ006-K18,2,0.12,15.0,J006,18,43.415250341759204,15.140916459451098,28.0009956318666,4.86824309849346,3.9515693613565404
285,D6d0S2-F0d12-Vc15d0-MJ007-K19,2,0.12,15.0,J007,19,43.9287201277332,15.654386245425,25.891814654840303,4.93466626685818,3.9572762423541703
286,D6d0S2-F0d12-Vc15d0-MJ008-K19,2,0.12,15.0,J008,19,43.3205170246255,15.0461831423173,25.955685917641503,4.9461159610323095,3.97839970666385
287,D6d0S2-F0d12-Vc15d0-MJ009-K20,2,0.12,15.0,J009,20,45.6879358576655,17.413601975357302,29.394950642845803,5.127297781974599,4.0277879864839
288,D6d0S2-F0d12-Vc15d0-MJ010-K20,2,0.12,15.0,J010,20,41.9953201538881,13.72098627158,28.0358728504659,5.14304429008675,3.88859067112572
289,D6d0S2-F0d12-Vc30d0-MJ001-K16,2,0.12,30.0,J001,16,41.453634393935,13.179300511626899,18.746338915046802,4.77373932610591,3.9582798470401297
290,D6d0S2-F0d12-Vc30d0-MJ002-K16,2,0.12,30.0,J002,16,40.577505815745795,12.3031719334376,22.010389895977603,4.54361955060373,3.85944842424565
291,D6d0S2-F0d12-Vc30d0-MJ003-K17,2,0.12,30.0,J003,17,47.9054927621488,19.631158879840697,25.1522883345148,5.18091407298626,4.10525892439686
292,D6d0S2-F0d12-Vc30d0-MJ004-K17,2,0.12,30.0,J004,17,48.952597041210794,20.678263158902602,30.7219729350953,5.30292097906125,4.13373817809789
293,D6d0S2-F0d12-Vc30d0-MJ005-K18,2,0.12,30.0,J005,18,42.249432415141705,13.9750985328336,27.8223771525555,5.0053808678902,3.93100729120115
294,D6d0S2-F0d12-Vc30d0-MJ006-K18,2,0.12,30.0,J006,18,43.8778692536364,15.603535371328302,31.001335178199703,4.96429743120525,3.94406353049883
295,D6d0S2-F0d12-Vc30d0-MJ007-K19,2,0.12,30.0,J007,19,39.7186155005059,11.4442816181977,25.875343117423895,4.55522028194776,3.73327924790329
296,D6d0S2-F0d12-Vc30d0-MJ008-K19,2,0.12,30.0,J008,19,42.9468029096425,14.672469027334499,26.302397751012897,4.83494072531061,3.92994244917154
297,D6d0S2-F0d12-Vc30d0-MJ009-K20,2,0.12,30.0,J009,20,45.0792963983451,16.804962516036902,27.789655452359902,5.14765784182648,4.04607834946023
298,D6d0S2-F0d12-Vc30d0-MJ010-K20,2,0.12,30.0,J010,20,40.8778287846222,12.6034949023141,24.711790472277798,4.665882023297709,3.8093120413529102
299,D6d0S2-F0d12-Vc45d0-MJ001-K16,2,0.12,45.0,J001,16,41.3915532638647,13.117219381556598,22.0789085385925,4.60108539943185,3.8088471157082897
300,D6d0S2-F0d12-Vc45d0-MJ002-K16,2,0.12,45.0,J002,16,40.8440082750512,12.569674392743002,22.7076659686348,4.89406553603508,3.8786720437099396
301,D6d0S2-F0d12-Vc45d0-MJ003-K17,2,0.12,45.0,J003,17,48.0517683296704,19.7774344473623,23.5928547283176,4.86182071432909,4.07834853710466
302,D6d0S2-F0d12-Vc45d0-MJ004-K17,2,0.12,45.0,J004,17,46.1508485248246,17.876514642516398,30.204217160181603,5.27421581649365,4.0404735077136404
303,D6d0S2-F0d12-Vc45d0-MJ005-K18,2,0.12,45.0,J005,18,46.875455835024205,18.601121952716102,29.6288662815341,5.389542331321,4.03567915234694
304,D6d0S2-F0d12-Vc45d0-MJ006-K18,2,0.12,45.0,J006,18,42.74051939034371,14.4661855080355,30.565130165645698,4.969696569446,3.89536189999752
305,D6d0S2-F0d12-Vc45d0-MJ007-K19,2,0.12,45.0,J007,19,43.73407673926721,15.4597428569591,27.524328570233003,5.1573606606392906,3.9752961297397102
306,D6d0S2-F0d12-Vc45d0-MJ008-K19,2,0.12,45.0,J008,19,39.3703120527339,11.095978170425699,26.0399423296952,4.59702088576685,3.79532719749466
307,D6d0S2-F0d12-Vc45d0-MJ009-K20,2,0.12,45.0,J009,20,38.0091635165223,9.734829634214151,24.507552038103103,4.4933373997942505,3.64732126122867
308,D6d0S2-F0d12-Vc45d0-MJ010-K20,2,0.12,45.0,J010,20,41.1996717517615,12.9253378694534,27.3956795321033,4.74698892828179,3.91104178037304
309,D6d0S2-F0d12-Vc60d0-MJ001-K16,2,0.12,60.0,J001,16,42.4294628544304,14.1551289721222,24.7233783921839,4.859313064826299,3.90938789660663
310,D6d0S2-F0d12-Vc60d0-MJ002-K16,2,0.12,60.0,J002,16,40.7083583095545,12.434024427246401,21.083604061088398,4.83248501434695,3.76039156529146
311,D6d0S2-F0d12-Vc60d0-MJ003-K17,2,0.12,60.0,J003,17,49.835794501985795,21.5614606196776,23.8514168698298,5.03441468553352,4.057622000555799
312,D6d0S2-F0d12-Vc60d0-MJ004-K17,2,0.12,60.0,J004,17,48.232678230881206,19.9583443485731,29.1491188028226,5.18688098188571,4.17061160037942
313,D6d0S2-F0d12-Vc60d0-MJ005-K18,2,0.12,60.0,J005,18,39.632347890343,11.358014008034802,27.246428735799498,4.67194099476578,3.7453137131251095
314,D6d0S2-F0d12-Vc60d0-MJ006-K18,2,0.12,60.0,J006,18,43.1550479649163,14.880714082608199,28.770019671652303,5.0659418067083495,4.00378887687576
315,D6d0S2-F0d12-Vc60d0-MJ007-K19,2,0.12,60.0,J007,19,40.6081553676701,12.333821485362,25.6050884293084,4.78203699194776,3.77295396296906
316,D6d0S2-F0d12-Vc60d0-MJ008-K19,2,0.12,60.0,J008,19,43.252467477938296,14.9781335956301,26.632405803102102,4.93846168130583,3.9900546002694304
317,D6d0S2-F0d12-Vc60d0-MJ009-K20,2,0.12,60.0,J009,20,39.1241676903068,10.8498338079987,26.1272308060581,4.43615753583082,3.70765516900621
318,D6d0S2-F0d12-Vc60d0-MJ010-K20,2,0.12,60.0,J010,20,43.2704769166491,14.996143034340902,28.6894035810776,5.01052270298557,3.97327137399835
319,D6d0S3-F0d03-Vc15d0-MJ001-K06,3,0.03,15.0,J001,06,40.5555703291337,12.281236446825499,22.6552423845405,4.548458038382599,3.76832277708471
320,D6d0S3-F0d03-Vc15d0-MJ002-K06,3,0.03,15.0,J002,06,41.881782436670896,13.6074485543628,23.0307830489492,4.5816942287178,3.81969205009156
321,D6d0S3-F0d03-Vc15d0-MJ003-K07,3,0.03,15.0,J003,07,41.506782609241206,13.232448726933,25.008582524156605,4.44891366258934,3.8493825020548
322,D6d0S3-F0d03-Vc15d0-MJ004-K07,3,0.03,15.0,J004,07,41.4330641919516,13.1587303096435,31.465452296303397,4.66763739779454,3.83692815992779
323,D6d0S3-F0d03-Vc15d0-MJ005-K08,3,0.03,15.0,J005,08,45.036252777287395,16.7619188949793,25.6028724406637,4.76812784168889,4.04856364760341
324,D6d0S3-F0d03-Vc15d0-MJ006-K08,3,0.03,15.0,J006,08,46.447227996814206,18.1728941145061,23.9158026046811,4.559532112717821,3.96667557060184
325,D6d0S3-F0d03-Vc15d0-MJ007-K09,3,0.03,15.0,J007,09,41.1455358979932,12.8734284268766,27.4755822861128,4.90116487129676,3.8522112228997702
326,D6d0S3-F0d03-Vc15d0-MJ008-K09,3,0.03,15.0,J008,09,44.3286108227833,16.054276940475198,26.286344326839103,4.8924167091116795,4.04099463514938
327,D6d0S3-F0d03-Vc15d0-MJ009-K10,3,0.03,15.0,J009,10,44.761052740044406,16.486718857736303,23.870638256356102,4.52208569273762,3.95643744287125
328,D6d0S3-F0d03-Vc15d0-MJ010-K10,3,0.03,15.0,J010,10,45.5479315784225,17.2735976961143,27.4891478823906,4.69955340845541,3.94763888789464
329,D6d0S3-F0d03-Vc30d0-MJ001-K06,3,0.03,30.0,J001,06,41.475386925006795,13.201053042698698,22.6932755768336,4.59718595967167,3.82511411809763
330,D6d0S3-F0d03-Vc30d0-MJ002-K06,3,0.03,30.0,J002,06,40.4569495132061,12.182615630897999,22.636037721721,4.271130657003891,3.68895479241256
331,D6d0S3-F0d03-Vc30d0-MJ003-K07,3,0.03,30.0,J003,07,43.6072980150767,15.3329641327685,24.8319890711472,4.47394242964374,3.9378557791688698
332,D6d0S3-F0d03-Vc30d0-MJ004-K07,3,0.03,30.0,J004,07,43.54067677867349,15.266342896365302,28.322812258654103,4.7382559152149,3.7800652502278704
333,D6d0S3-F0d03-Vc30d0-MJ005-K08,3,0.03,30.0,J005,08,48.2728287183314,19.998494836023198,33.2293292633911,4.98014612993496,4.1129045983063
334,D6d0S3-F0d03-Vc30d0-MJ006-K08,3,0.03,30.0,J006,08,47.4379531807397,19.1636192984315,26.893416547491004,4.89280154844666,4.08523819030932
335,D6d0S3-F0d03-Vc30d0-MJ007-K09,3,0.03,30.0,J007,09,41.977380690025704,13.7030468077176,26.440670777251803,4.72361606791737,3.95292659406895
336,D6d0S3-F0d03-Vc30d0-MJ008-K09,3,0.03,30.0,J008,09,40.7090934118973,12.4347595295891,25.960238719306503,4.764687944871531,3.8414952086053997
337,D6d0S3-F0d03-Vc30d0-MJ009-K10,3,0.03,30.0,J009,10,44.32097168283789,16.046637800529698,26.1601020026086,4.76814282949384,3.9778547126871495
338,D6d0S3-F0d03-Vc30d0-MJ010-K10,3,0.03,30.0,J010,10,50.1835686376297,21.909234755321602,26.0075485619948,5.33735393103579,4.27896196022901
339,D6d0S3-F0d03-Vc45d0-MJ001-K06,3,0.03,45.0,J001,06,45.87435575680121,17.600021874493102,20.844754531017198,4.5648123768075495,3.98960995375162
340,D6d0S3-F0d03-Vc45d0-MJ002-K06,3,0.03,45.0,J002,06,44.004041095591,15.7297072132829,24.6250287360013,4.72917696994709,3.93126083099505
341,D6d0S3-F0d03-Vc45d0-MJ003-K07,3,0.03,45.0,J003,07,41.433672275287,13.164015415520401,19.432341384847103,4.3290326336465,3.85050873896358
342,D6d0S3-F0d03-Vc45d0-MJ004-K07,3,0.03,45.0,J004,07,47.1865708334965,18.912236951188397,30.7849181270323,4.71284357110128,4.00050650047527
343,D6d0S3-F0d03-Vc45d0-MJ005-K08,3,0.03,45.0,J005,08,51.95981153874251,23.685477656434397,26.4074719902025,4.7152418383868095,4.19330611281055
344,D6d0S3-F0d03-Vc45d0-MJ006-K08,3,0.03,45.0,J006,08,48.16844305197311,19.894109169664898,27.4346184948627,5.371464331089599,4.08888854757787
345,D6d0S3-F0d03-Vc45d0-MJ007-K09,3,0.03,45.0,J007,09,41.128044461798,12.853710579489901,28.323168011556398,4.95886226493607,3.8202796289105803
346,D6d0S3-F0d03-Vc45d0-MJ008-K09,3,0.03,45.0,J008,09,40.7266134603161,12.4522795780079,27.646070108219,4.6907211331470995,3.87505482095806
347,D6d0S3-F0d03-Vc45d0-MJ009-K10,3,0.03,45.0,J009,10,46.828790448717896,18.5544565664098,25.9499427094649,4.799401514751709,4.1262376262612
348,D6d0S3-F0d03-Vc45d0-MJ010-K10,3,0.03,45.0,J010,10,46.446358021987294,18.1720241396792,25.1196445644512,4.49762787486715,4.01537807414703
349,D6d0S3-F0d03-Vc60d0-MJ001-K06,3,0.03,60.0,J001,06,43.204445639742005,14.9301117574339,24.183409032645503,4.4873119715463,3.9130690633116
350,D6d0S3-F0d03-Vc60d0-MJ002-K06,3,0.03,60.0,J002,06,43.9087338790792,15.634399996771,23.563870757845397,4.761251186597231,3.99142315386761
351,D6d0S3-F0d03-Vc60d0-MJ003-K07,3,0.03,60.0,J003,07,48.038846174494296,19.764512292186197,25.791740718285304,4.80941547096578,4.16934736303402
352,D6d0S3-F0d03-Vc60d0-MJ004-K07,3,0.03,60.0,J004,07,49.4930312589611,21.218697376652997,30.9403148549935,4.86082707439315,4.13498539783056
353,D6d0S3-F0d03-Vc60d0-MJ005-K08,3,0.03,60.0,J005,08,48.655081490601,20.3807476082929,21.999899015849,4.81593873138016,4.12233937112806
354,D6d0S3-F0d03-Vc60d0-MJ006-K08,3,0.03,60.0,J006,08,47.7951579917791,19.520824109470897,23.4521205393685,4.51514978905572,4.1185532833425595
355,D6d0S3-F0d03-Vc60d0-MJ007-K09,3,0.03,60.0,J007,09,46.7274398402594,18.4531059579512,29.696390375349196,4.71139248604485,4.07645291991812
356,D6d0S3-F0d03-Vc60d0-MJ008-K09,3,0.03,60.0,J008,09,42.3447434401005,14.0754906524712,28.3795949815422,4.94704740071167,3.96903003530577
357,D6d0S3-F0d03-Vc60d0-MJ009-K10,3,0.03,60.0,J009,10,48.0524862104097,19.7781523281016,25.7699611195573,4.70202112467893,4.07868644163346
358,D6d0S3-F0d03-Vc60d0-MJ010-K10,3,0.03,60.0,J010,10,47.1762807658431,18.901946883535,25.5480076894594,5.061351649273,4.07679158493966
359,D6d0S3-F0d06-Vc15d0-MJ001-K06,3,0.06,15.0,J001,06,42.3752072047381,14.1008733224299,26.3121675689499,4.47629145343522,3.8619505429321896
360,D6d0S3-F0d06-Vc15d0-MJ002-K06,3,0.06,15.0,J002,06,44.067807338677504,15.795902300748502,23.7102908758997,4.961649788070639,4.09936440664993
361,D6d0S3-F0d06-Vc15d0-MJ003-K07,3,0.06,15.0,J003,07,45.1562254782518,16.8818915959437,18.598660611763002,4.72625165127286,3.94081969119761
362,D6d0S3-F0d06-Vc15d0-MJ004-K07,3,0.06,15.0,J004,07,46.641545769436796,18.3672118871286,37.5194676594161,5.4516303542973,4.1171863654342005
363,D6d0S3-F0d06-Vc15d0-MJ005-K08,3,0.06,15.0,J005,08,47.216038599594896,18.941704717286697,29.479944290481896,5.05972759159872,4.125975477656549
364,D6d0S3-F0d06-Vc15d0-MJ006-K08,3,0.06,15.0,J006,08,48.281260266501896,20.0069263841938,28.5418847133148,4.70731493667239,4.12681742422221
365,D6d0S3-F0d06-Vc15d0-MJ007-K09,3,0.06,15.0,J007,09,41.971527933317205,13.697194051009,27.4599191879715,4.583940850745611,3.9288851997029104
366,D6d0S3-F0d06-Vc15d0-MJ008-K09,3,0.06,15.0,J008,09,42.157525684085705,13.9163505981764,25.7481416029505,4.64609880674844,3.9623806130452697
367,D6d0S3-F0d06-Vc15d0-MJ009-K10,3,0.06,15.0,J009,10,47.0388350180247,18.7645011357166,25.8486613956864,4.844389007359291,4.07436144131142
368,D6d0S3-F0d06-Vc15d0-MJ010-K10,3,0.06,15.0,J010,10,43.476587409812204,15.202253527504,24.0974373465315,4.166981122068799,3.79397750479283
369,D6d0S3-F0d06-Vc30d0-MJ001-K06,3,0.06,30.0,J001,06,45.96500092359071,17.6906670412826,24.9049008097705,4.63559002736017,3.9983272487664903
370,D6d0S3-F0d06-Vc30d0-MJ002-K06,3,0.06,30.0,J002,06,46.073728394446704,17.7993945121386,26.338135759314397,4.66434560645928,3.98650026305756
371,D6d0S3-F0d06-Vc30d0-MJ003-K07,3,0.06,30.0,J003,07,43.146488602646706,14.8721547203385,25.822330288246604,4.70062271622511,3.9187452518613703
372,D6d0S3-F0d06-Vc30d0-MJ004-K07,3,0.06,30.0,J004,07,44.147791204904095,15.873457322595902,31.2465674152309,5.12513407880499,3.91851733391668
373,D6d0S3-F0d06-Vc30d0-MJ005-K08,3,0.06,30.0,J005,08,48.0906028929293,19.8162690106212,23.4216218573759,4.6484260710692,4.03535426852443
374,D6d0S3-F0d06-Vc30d0-MJ006-K08,3,0.06,30.0,J006,08,45.560684840197,17.2863509578888,27.787052575226603,4.90504740941634,3.9562303993787302
375,D6d0S3-F0d06-Vc30d0-MJ007-K09,3,0.06,30.0,J007,09,41.5332940759711,13.258960193663,26.8938796017034,4.75293826148827,3.81707279843117
376,D6d0S3-F0d06-Vc30d0-MJ008-K09,3,0.06,30.0,J008,09,42.7015943265096,14.4272604442014,25.298496378480397,4.51130599427345,3.9352329362540095
377,D6d0S3-F0d06-Vc30d0-MJ009-K10,3,0.06,30.0,J009,10,42.8379787691083,14.563644886800198,26.3855592126901,4.73553268419386,3.9662685520368797
378,D6d0S3-F0d06-Vc30d0-MJ010-K10,3,0.06,30.0,J010,10,47.6669689088235,19.392635026515396,27.1049438427145,4.71458274822301,4.16442973953715
379,D6d0S3-F0d06-Vc45d0-MJ001-K06,3,0.06,45.0,J001,06,44.9777463947659,16.7034125124578,22.5795947514494,4.56069437687751,4.033513537756471
380,D6d0S3-F0d06-Vc45d0-MJ002-K06,3,0.06,45.0,J002,06,43.9421853711687,15.6678514888605,22.0642025043782,4.444794439327111,3.86572086547279
381,D6d0S3-F0d06-Vc45d0-MJ003-K07,3,0.06,45.0,J003,07,46.6556259610048,18.3812920786967,20.665585992977604,4.57704214769627,3.96241084479649
382,D6d0S3-F0d06-Vc45d0-MJ004-K07,3,0.06,45.0,J004,07,44.670009600760295,16.3956757184522,29.321491952895798,5.187244491566731,4.0048385787497205
383,D6d0S3-F0d06-Vc45d0-MJ005-K08,3,0.06,45.0,J005,08,48.4466498198581,20.17231593755,27.1668253690798,4.59850923498245,4.10651812014261
384,D6d0S3-F0d06-Vc45d0-MJ006-K08,3,0.06,45.0,J006,08,48.46722363265099,20.1928897503428,27.7673357034068,4.95049470008716,4.1507390862604705
385,D6d0S3-F0d06-Vc45d0-MJ007-K09,3,0.06,45.0,J007,09,43.4326939147497,15.1583600324416,29.1063974535221,4.9868311097334095,4.08674064580853
386,D6d0S3-F0d06-Vc45d0-MJ008-K09,3,0.06,45.0,J008,09,46.591815681983,18.3174817996749,27.559476018397998,4.8755265663592695,4.16368023921299
387,D6d0S3-F0d06-Vc45d0-MJ009-K10,3,0.06,45.0,J009,10,47.6766367355303,19.4023028532222,28.3823275975615,4.8447802649443,4.18748580541472
388,D6d0S3-F0d06-Vc45d0-MJ010-K10,3,0.06,45.0,J010,10,48.927866800085894,20.6535329177777,26.4071846973176,4.855250900861269,4.09581404190051
389,D6d0S3-F0d06-Vc60d0-MJ001-K06,3,0.06,60.0,J001,06,42.9284622663446,14.6541283840365,24.024346450584897,4.45939907152867,3.97709706676251
390,D6d0S3-F0d06-Vc60d0-MJ002-K06,3,0.06,60.0,J002,06,41.69336937056521,13.419035488257101,22.8521963848105,4.31398183092693,3.7886304491382496
391,D6d0S3-F0d06-Vc60d0-MJ003-K07,3,0.06,60.0,J003,07,48.7937742946153,20.5194404123073,24.647863109907497,4.8666717960087995,4.26723603531711
392,D6d0S3-F0d06-Vc60d0-MJ004-K07,3,0.06,60.0,J004,07,44.6502778331499,16.375943950841698,27.804203219058298,5.017669177821981,3.9115911737255002
393,D6d0S3-F0d06-Vc60d0-MJ005-K08,3,0.06,60.0,J005,08,48.5050170014955,20.230683119187397,26.2385587705412,4.60215244330634,4.0403499078922405
394,D6d0S3-F0d06-Vc60d0-MJ006-K08,3,0.06,60.0,J006,08,52.058162637381,23.7838287550729,29.812664233804302,5.397414724404251,4.29379146727786
395,D6d0S3-F0d06-Vc60d0-MJ007-K09,3,0.06,60.0,J007,09,42.8976477081781,14.623313825870001,28.117363145736498,4.67620459654763,3.94797373995076
396,D6d0S3-F0d06-Vc60d0-MJ008-K09,3,0.06,60.0,J008,09,42.46947454530989,14.195140663001801,25.9546630619942,4.4930792315410795,3.83610524861285
397,D6d0S3-F0d06-Vc60d0-MJ009-K10,3,0.06,60.0,J009,10,46.3666134709945,18.0922795886864,25.257572356389602,4.61262270478734,4.0635209750802
398,D6d0S3-F0d06-Vc60d0-MJ010-K10,3,0.06,60.0,J010,10,44.445966587657004,16.171632705348898,24.523893258190498,4.26062744402494,3.95973925318274
399,D6d0S3-F0d09-Vc15d0-MJ001-K06,3,0.09,15.0,J001,06,44.0830740385073,15.8087401561991,38.7035666638341,4.73768456808143,3.9132225140971806
400,D6d0S3-F0d09-Vc15d0-MJ002-K06,3,0.09,15.0,J002,06,44.5260418674515,16.251707985143398,40.3624455808279,4.8191425279157105,3.92757413286206
401,D6d0S3-F0d09-Vc15d0-MJ003-K07,3,0.09,15.0,J003,07,42.5584820617111,14.2841481794029,38.4867162053007,5.3415423787710195,3.7818304834466203
402,D6d0S3-F0d09-Vc15d0-MJ004-K07,3,0.09,15.0,J004,07,45.6158538000457,17.3415199177376,31.5467797720226,5.187461569316991,3.99066784831988
403,D6d0S3-F0d09-Vc15d0-MJ005-K08,3,0.09,15.0,J005,08,50.8161338480474,22.5417999657393,28.0411852130614,4.981802808554019,4.24573919178387
404,D6d0S3-F0d09-Vc15d0-MJ006-K08,3,0.09,15.0,J006,08,48.1686944497696,19.894360567461398,27.2044480017563,4.66126956974729,4.09736651724653
405,D6d0S3-F0d09-Vc15d0-MJ007-K09,3,0.09,15.0,J007,09,44.36432997145639,16.0899960891483,28.732813941303302,4.79563182603829,4.0488140701555695
406,D6d0S3-F0d09-Vc15d0-MJ008-K09,3,0.09,15.0,J008,09,40.193026983668204,11.918693101360002,26.940614600788397,4.59136493616069,3.78474529153985
407,D6d0S3-F0d09-Vc15d0-MJ009-K10,3,0.09,15.0,J009,10,48.588519599017296,20.3141857167092,29.413715734452,4.93018938999914,4.18631105732279
408,D6d0S3-F0d09-Vc15d0-MJ010-K10,3,0.09,15.0,J010,10,47.295422068756,19.021088186447898,26.1072883637333,4.72491220434289,4.15616946694076
409,D6d0S3-F0d09-Vc30d0-MJ001-K06,3,0.09,30.0,J001,06,42.1812495869236,13.9069157046155,35.2780851292305,4.40764878909895,3.74479969569723
410,D6d0S3-F0d09-Vc30d0-MJ002-K06,3,0.09,30.0,J002,06,45.04682654996179,16.772492667653697,38.338545580286606,4.77000935705474,3.9410330322364904
411,D6d0S3-F0d09-Vc30d0-MJ003-K07,3,0.09,30.0,J003,07,44.0352250836621,15.7608912013539,38.5773553009374,4.7695253079916204,3.92824450138084
412,D6d0S3-F0d09-Vc30d0-MJ004-K07,3,0.09,30.0,J004,07,46.7095393128522,18.435205430544,32.535661439890106,4.894147733774299,4.0984100402292
413,D6d0S3-F0d09-Vc30d0-MJ005-K08,3,0.09,30.0,J005,08,51.16251684621489,22.888182963906697,31.580824109906303,5.08767191266272,4.29613911965407
414,D6d0S3-F0d09-Vc30d0-MJ006-K08,3,0.09,30.0,J006,08,48.0799133028377,19.8055794205295,24.4966105624824,5.037235402526719,4.20647486909172
415,D6d0S3-F0d09-Vc30d0-MJ007-K09,3,0.09,30.0,J007,09,39.9864978577949,11.712163975486698,24.730740875797,4.4264625131699695,3.7816987692448394
416,D6d0S3-F0d09-Vc30d0-MJ008-K09,3,0.09,30.0,J008,09,40.813013735359,12.538679853050802,27.0774682600267,4.63819486094027,3.7465892946661605
417,D6d0S3-F0d09-Vc30d0-MJ009-K10,3,0.09,30.0,J009,10,47.348436666567295,19.074102784259104,24.993101182736602,5.097912904140861,4.13131407897646
418,D6d0S3-F0d09-Vc30d0-MJ010-K10,3,0.09,30.0,J010,10,45.1501605422076,16.8782309732007,26.8629182841446,5.107862564203071,4.08132787924415
419,D6d0S3-F0d09-Vc45d0-MJ001-K06,3,0.09,45.0,J001,06,43.4336872668145,15.1593533845064,24.344289695953602,4.605837667387361,3.9214210251438497
420,D6d0S3-F0d09-Vc45d0-MJ002-K06,3,0.09,45.0,J002,06,46.5531765416988,18.2788426593906,43.0983190684582,5.11743627172294,4.04273348070056
421,D6d0S3-F0d09-Vc45d0-MJ003-K07,3,0.09,45.0,J003,07,42.8248714954384,14.5505376131303,24.613634432995,4.88335272473063,3.9482166791499003
422,D6d0S3-F0d09-Vc45d0-MJ004-K07,3,0.09,45.0,J004,07,48.204925914061796,19.9305920317537,27.8320644638821,4.86472715970538,4.06274730724042
423,D6d0S3-F0d09-Vc45d0-MJ005-K08,3,0.09,45.0,J005,08,47.37427906583879,19.099945183530604,27.1483019050069,4.91509830978029,4.0991268088641695
424,D6d0S3-F0d09-Vc45d0-MJ006-K08,3,0.09,45.0,J006,08,48.17810692747889,19.9037730451708,31.1101557092673,5.31031939287715,4.18438855091409
425,D6d0S3-F0d09-Vc45d0-MJ007-K09,3,0.09,45.0,J007,09,41.1596755917071,12.885341709398901,24.065468354078803,4.66874442905631,3.82916899625386
426,D6d0S3-F0d09-Vc45d0-MJ008-K09,3,0.09,45.0,J008,09,45.15966038017321,16.8853264978651,29.099678991145502,4.90025407009322,4.07003405519247
427,D6d0S3-F0d09-Vc45d0-MJ009-K10,3,0.09,45.0,J009,10,48.132912397593095,19.858578515285,28.170447076732803,4.849284238559321,4.05878419468203
428,D6d0S3-F0d09-Vc45d0-MJ010-K10,3,0.09,45.0,J010,10,45.6935477164681,17.41921383416,28.9324230201478,5.034184811496611,4.09127854663811
429,D6d0S3-F0d09-Vc60d0-MJ001-K06,3,0.09,60.0,J001,06,47.4793209565656,19.2049870742574,50.972288283628,5.2932661829325705,4.06246394608004
430,D6d0S3-F0d09-Vc60d0-MJ002-K06,3,0.09,60.0,J002,06,45.5261282883417,17.2517944060336,52.4448785146603,4.96797139617073,4.0374389528945605
431,D6d0S3-F0d09-Vc60d0-MJ003-K07,3,0.09,60.0,J003,07,45.5941744666535,17.3198405843454,43.080345613770504,4.85762866521003,3.9708713169648395
432,D6d0S3-F0d09-Vc60d0-MJ004-K07,3,0.09,60.0,J004,07,46.769560205200996,18.4952263228928,28.3972843293711,5.10781438589338,4.02832232484661
433,D6d0S3-F0d09-Vc60d0-MJ005-K08,3,0.09,60.0,J005,08,50.00108560483479,21.726751722526696,28.5563228182332,4.92827240388024,4.15611863704107
434,D6d0S3-F0d09-Vc60d0-MJ006-K08,3,0.09,60.0,J006,08,50.136706034071,21.8623721517628,29.059312937736802,5.27026889195197,4.23263683593867
435,D6d0S3-F0d09-Vc60d0-MJ007-K09,3,0.09,60.0,J007,09,42.6805905843481,14.406256702039899,28.754322489809297,4.88963705938872,3.96605387944321
436,D6d0S3-F0d09-Vc60d0-MJ008-K09,3,0.09,60.0,J008,09,43.598509562591,15.324175680282801,26.2229236130257,5.026755791258781,3.97179856852705
437,D6d0S3-F0d09-Vc60d0-MJ009-K10,3,0.09,60.0,J009,10,49.7639049416737,21.489571059365602,28.5237728437146,5.0315753242653205,4.258936875811339
438,D6d0S3-F0d09-Vc60d0-MJ010-K10,3,0.09,60.0,J010,10,49.18391483824821,20.909580955939997,27.127746361435104,4.69741946096508,4.219292855846359
439,D6d0S3-F0d12-Vc15d0-MJ001-K06,3,0.12,15.0,J001,06,46.766515104976996,18.492181222668897,25.654273854454697,4.7172292180360405,4.06149143975082
440,D6d0S3-F0d12-Vc15d0-MJ002-K06,3,0.12,15.0,J002,06,47.816122425321,19.5417885430129,40.6960671489536,5.293081747643701,4.0824982883959
441,D6d0S3-F0d12-Vc15d0-MJ003-K07,3,0.12,15.0,J003,07,47.2356968677724,18.9613629854642,27.628914856750804,4.8737976915455095,4.05808133097687
442,D6d0S3-F0d12-Vc15d0-MJ004-K07,3,0.12,15.0,J004,07,49.0963622506714,20.822028368363302,34.1227002560997,4.97708382814562,4.11700081976124
443,D6d0S3-F0d12-Vc15d0-MJ005-K08,3,0.12,15.0,J005,08,51.7514181383428,23.477084256034697,27.464440450951198,4.8714620184577,4.179837164280951
444,D6d0S3-F0d12-Vc15d0-MJ006-K08,3,0.12,15.0,J006,08,51.8561743415061,23.581840459198,29.858971470483,4.9622633755197905,4.23137729510911
445,D6d0S3-F0d12-Vc15d0-MJ007-K09,3,0.12,15.0,J007,09,42.8003297079434,14.5259958256353,29.7887675752983,5.4510720840078,3.9263604148790496
446,D6d0S3-F0d12-Vc15d0-MJ008-K09,3,0.12,15.0,J008,09,42.204408350556996,13.930074468248902,28.279730066017102,4.85752194239957,3.9309226952505694
447,D6d0S3-F0d12-Vc15d0-MJ009-K10,3,0.12,15.0,J009,10,49.3104304787175,21.0360965964094,27.385279587372498,5.16003602486811,4.2952400546166
448,D6d0S3-F0d12-Vc15d0-MJ010-K10,3,0.12,15.0,J010,10,47.8347022332148,19.5603683509066,30.940916342954697,5.49490335353431,4.268313202807049
449,D6d0S3-F0d12-Vc30d0-MJ001-K06,3,0.12,30.0,J001,06,48.7700880520323,20.4957541697243,37.4870234525919,5.18515940015133,4.08066515865496
450,D6d0S3-F0d12-Vc30d0-MJ002-K06,3,0.12,30.0,J002,06,47.478989969481106,19.204656087173,51.164028487006206,5.09488280850414,4.17731888487584
451,D6d0S3-F0d12-Vc30d0-MJ003-K07,3,0.12,30.0,J003,07,45.6861019815084,17.4117680992002,26.516043490413605,4.917489395844179,4.03786759740948
452,D6d0S3-F0d12-Vc30d0-MJ004-K07,3,0.12,30.0,J004,07,45.201590179679,16.927256297370903,28.789632259254798,4.92488426121675,4.00162609073092
453,D6d0S3-F0d12-Vc30d0-MJ005-K08,3,0.12,30.0,J005,08,50.50543993210071,22.2311060497926,31.8998840732236,5.213195988312919,4.268097705193069
454,D6d0S3-F0d12-Vc30d0-MJ006-K08,3,0.12,30.0,J006,08,51.75532103999479,23.4809871576867,33.1326408811266,5.54181710174131,4.28205507525802
455,D6d0S3-F0d12-Vc30d0-MJ007-K09,3,0.12,30.0,J007,09,46.1226092651984,17.8482753828903,30.161056223436397,5.01494813552437,4.0586946515442
456,D6d0S3-F0d12-Vc30d0-MJ008-K09,3,0.12,30.0,J008,09,43.075515703025104,14.801181820717002,27.146759079062,4.60072159126761,3.8620770278522496
457,D6d0S3-F0d12-Vc30d0-MJ009-K10,3,0.12,30.0,J009,10,49.82242212923101,21.548088246922802,29.2093547602985,5.35502389575171,4.2849768880464
458,D6d0S3-F0d12-Vc30d0-MJ010-K10,3,0.12,30.0,J010,10,49.939638273488995,21.6653043911808,29.233816849144397,5.26410880644547,4.276174228945241
459,D6d0S3-F0d12-Vc45d0-MJ001-K06,3,0.12,45.0,J001,06,44.8083920177948,16.5340581354867,26.137555008249898,4.8276252791934295,4.01322205180233
460,D6d0S3-F0d12-Vc45d0-MJ002-K06,3,0.12,45.0,J002,06,45.848242608568,17.5739087262599,26.4778002484286,4.88654381009503,4.04812706703207
461,D6d0S3-F0d12-Vc45d0-MJ003-K07,3,0.12,45.0,J003,07,46.0808754999321,17.806541617624,27.0336321117355,5.17816308262846,3.99225108619031
462,D6d0S3-F0d12-Vc45d0-MJ004-K07,3,0.12,45.0,J004,07,45.0975781580261,16.823244275718,28.177124472781898,4.78596978690443,4.04039531679738
463,D6d0S3-F0d12-Vc45d0-MJ005-K08,3,0.12,45.0,J005,08,53.690738863181,25.4164049808728,33.5771570507478,5.438297840238509,4.386814770703309
464,D6d0S3-F0d12-Vc45d0-MJ006-K08,3,0.12,45.0,J006,08,47.0045957486244,18.730261866316198,29.837429204719896,5.1162818575525,4.13255790899038
465,D6d0S3-F0d12-Vc45d0-MJ007-K09,3,0.12,45.0,J007,09,44.3481641175134,16.0738302352053,27.064399230076603,4.89479544176721,4.02993944337048
466,D6d0S3-F0d12-Vc45d0-MJ008-K09,3,0.12,45.0,J008,09,44.249912950265795,15.976987437446198,25.8726489436095,4.781600003638251,4.0123570793142
467,D6d0S3-F0d12-Vc45d0-MJ009-K10,3,0.12,45.0,J009,10,46.5175095432708,18.2431756609627,29.0497249672447,5.04003337302799,4.2292166064500805
468,D6d0S3-F0d12-Vc45d0-MJ010-K10,3,0.12,45.0,J010,10,47.39604534921129,19.121711466903104,29.3223926814674,5.660947396133831,4.12344680930987
469,D6d0S3-F0d12-Vc60d0-MJ001-K06,3,0.12,60.0,J001,06,44.24087649446879,15.9665426121606,26.267398236420604,4.79710971618575,3.99294796503897
470,D6d0S3-F0d12-Vc60d0-MJ002-K06,3,0.12,60.0,J002,06,46.3750417338101,18.100707851501898,25.423347751789603,4.691405926393441,4.02587114917697
471,D6d0S3-F0d12-Vc60d0-MJ003-K07,3,0.12,60.0,J003,07,42.2556677503116,13.9813338680034,25.1583933640729,4.91436798334741,3.89495612770253
472,D6d0S3-F0d12-Vc60d0-MJ004-K07,3,0.12,60.0,J004,07,46.359000183925104,18.084666301617,29.9820985447687,4.81270996182883,4.0634089761117504
473,D6d0S3-F0d12-Vc60d0-MJ005-K08,3,0.12,60.0,J005,08,47.702440317096006,19.4281064347878,27.9418080768499,4.98256605559276,4.12891744536003
474,D6d0S3-F0d12-Vc60d0-MJ006-K08,3,0.12,60.0,J006,08,43.940564554815,15.6662306725068,29.4637591773249,5.20452587208506,4.00351997449346
475,D6d0S3-F0d12-Vc60d0-MJ007-K09,3,0.12,60.0,J007,09,43.429462071992,15.1551281896838,26.1360007772347,4.7594093543729,4.02391622930356
476,D6d0S3-F0d12-Vc60d0-MJ008-K09,3,0.12,60.0,J008,09,43.4093521898966,15.135018307588501,26.9814664454782,4.83206172543402,3.95949576297933
477,D6d0S3-F0d12-Vc60d0-MJ009-K10,3,0.12,60.0,J009,10,47.5443135275159,19.2699796452078,28.1326071447495,5.02282659592291,4.20564268812515
478,D6d0S3-F0d12-Vc60d0-MJ010-K10,3,0.12,60.0,J010,10,47.518263515560996,19.2439296332528,27.335292672833802,5.07985994290079,4.24831802605623
479,D6d0S4-F0d03-Vc15d0-MJ001-K11,4,0.03,15.0,J001,11,40.6873642674953,12.413030385187199,23.3338605737533,4.3654031877258,3.7979438028411097
480,D6d0S4-F0d03-Vc15d0-MJ002-K11,4,0.03,15.0,J002,11,43.820617101401,15.546283219092901,26.643643665501102,5.016304819284991,4.02962924075823
481,D6d0S4-F0d03-Vc15d0-MJ003-K12,4,0.03,15.0,J003,12,43.565803322596295,15.2914694402881,25.1185287167625,4.52004693587455,3.94064178697081
482,D6d0S4-F0d03-Vc15d0-MJ004-K12,4,0.03,15.0,J004,12,46.0534055305737,17.779071648265603,29.5466785107107,4.816244967528879,4.01953870840644
483,D6d0S4-F0d03-Vc15d0-MJ005-K13,4,0.03,15.0,J005,13,50.89710669835011,22.622772816041998,32.9806512981235,5.0011908152245805,4.17785099057634
484,D6d0S4-F0d03-Vc15d0-MJ006-K13,4,0.03,15.0,J006,13,47.512571426453704,19.2382375441456,36.290086073051896,5.42528239197268,4.1224641998608105
485,D6d0S4-F0d03-Vc15d0-MJ007-K14,4,0.03,15.0,J007,14,40.5806381733921,12.306304291084,27.079647152910105,4.45599953821277,3.79390179917626
486,D6d0S4-F0d03-Vc15d0-MJ008-K14,4,0.03,15.0,J008,14,40.868404792643794,12.594070910335699,28.042627099470803,4.45546154244587,3.85451391083165
487,D6d0S4-F0d03-Vc15d0-MJ009-K15,4,0.03,15.0,J009,15,44.2778980576351,16.003564175327,26.7300615846799,4.948491792689951,3.9952784529978502
488,D6d0S4-F0d03-Vc15d0-MJ010-K15,4,0.03,15.0,J010,15,44.717706000460396,16.4433721181523,25.2461727170196,4.78694007927187,4.01600618835365
489,D6d0S4-F0d03-Vc30d0-MJ001-K11,4,0.03,30.0,J001,11,45.3969270866715,17.1225932043633,47.96811385955271,4.93426885311284,3.9717237704178703
490,D6d0S4-F0d03-Vc30d0-MJ002-K11,4,0.03,30.0,J002,11,45.3781925105264,17.1038586282183,46.6968122804039,5.72661526558966,4.06572868343366
491,D6d0S4-F0d03-Vc30d0-MJ003-K12,4,0.03,30.0,J003,12,47.8717835554883,19.597449673180197,25.7448197283158,4.5649778164156,4.0963468163990004
492,D6d0S4-F0d03-Vc30d0-MJ004-K12,4,0.03,30.0,J004,12,50.5258441185485,22.251510236240396,26.9361900922292,4.903536803279559,4.34306825410632
493,D6d0S4-F0d03-Vc30d0-MJ005-K13,4,0.03,30.0,J005,13,48.5716621970401,20.297328314732002,32.2012760780057,5.31823162102392,4.20736366214032
494,D6d0S4-F0d03-Vc30d0-MJ006-K13,4,0.03,30.0,J006,13,48.95973662088,20.6854027385719,28.1257955159428,4.96361464126021,4.13906524758141
495,D6d0S4-F0d03-Vc30d0-MJ007-K14,4,0.03,30.0,J007,14,39.8004286968124,11.526094814504301,26.2037633514539,4.32104244248873,3.74808563883637
496,D6d0S4-F0d03-Vc30d0-MJ008-K14,4,0.03,30.0,J008,14,41.061938844789296,12.787604962481101,27.980972048060398,4.92988435094354,3.84004129013056
497,D6d0S4-F0d03-Vc30d0-MJ009-K15,4,0.03,30.0,J009,15,45.6554552611289,17.3811213788208,25.7936112006885,4.71925824547816,4.06688753431361
498,D6d0S4-F0d03-Vc30d0-MJ010-K15,4,0.03,30.0,J010,15,44.3526877097212,16.0868706402639,28.6554101021455,5.0438556246821,4.03803987092649
499,D6d0S4-F0d03-Vc45d0-MJ001-K11,4,0.03,45.0,J001,11,45.643973181178104,17.369639298869902,41.5296012384767,6.41570777802237,4.198552292945109
500,D6d0S4-F0d03-Vc45d0-MJ002-K11,4,0.03,45.0,J002,11,46.1566426726559,17.8823087903478,46.0439718772297,5.22927700477161,4.0841323506468905
501,D6d0S4-F0d03-Vc45d0-MJ003-K12,4,0.03,45.0,J003,12,48.7637785693345,20.4894446870263,22.0559380497583,4.68716085238901,4.083440577512319
502,D6d0S4-F0d03-Vc45d0-MJ004-K12,4,0.03,45.0,J004,12,50.9661044760752,22.691770593767,22.3883728998067,4.821407095898531,4.2352137612756
503,D6d0S4-F0d03-Vc45d0-MJ005-K13,4,0.03,45.0,J005,13,47.0186564014096,18.7443225191015,26.7286327078371,4.90046705821123,4.13577762387893
504,D6d0S4-F0d03-Vc45d0-MJ006-K13,4,0.03,45.0,J006,13,44.387100515764,16.1127666334559,28.2979218481076,4.999522125772139,3.9957198314331204
505,D6d0S4-F0d03-Vc45d0-MJ007-K14,4,0.03,45.0,J007,14,42.2360113786167,13.962075320594302,26.489080532801104,4.62589205166907,3.87513208264633
506,D6d0S4-F0d03-Vc45d0-MJ008-K14,4,0.03,45.0,J008,14,44.3024619047681,16.0281280224599,26.7558981079173,4.78396263614047,4.0658477967421005
507,D6d0S4-F0d03-Vc45d0-MJ009-K15,4,0.03,45.0,J009,15,46.3221880666837,18.047854184375602,26.1888938614044,4.689194670608679,4.18497550477439
508,D6d0S4-F0d03-Vc45d0-MJ010-K15,4,0.03,45.0,J010,15,47.650434574292404,19.3761006919842,28.418048333614802,4.88231192435912,4.14183467239725
509,D6d0S4-F0d03-Vc60d0-MJ001-K11,4,0.03,60.0,J001,11,47.146223705340994,18.871889823032802,52.0557414451468,5.0904690184033,4.04193635719104
510,D6d0S4-F0d03-Vc60d0-MJ002-K11,4,0.03,60.0,J002,11,45.33093096407761,17.0565970817695,48.6054259046601,4.94800971466294,3.9646972621128196
511,D6d0S4-F0d03-Vc60d0-MJ003-K12,4,0.03,60.0,J003,12,47.412002678955204,19.137668796647,25.970153921117898,4.874502683118231,4.066868312916509
512,D6d0S4-F0d03-Vc60d0-MJ004-K12,4,0.03,60.0,J004,12,52.189607996413606,23.915274114105397,32.598956507875,5.167564393105231,4.2770446995041205
513,D6d0S4-F0d03-Vc60d0-MJ005-K13,4,0.03,60.0,J005,13,49.8543231966405,21.579989314332398,31.933884442944898,5.86558682158319,4.3329676453918395
514,D6d0S4-F0d03-Vc60d0-MJ006-K13,4,0.03,60.0,J006,13,48.4195575799866,20.1452236976785,26.3998139578707,4.7410982318576105,4.06681575933388
515,D6d0S4-F0d03-Vc60d0-MJ008-K14,4,0.03,60.0,J008,14,43.7312885888793,15.4569547065712,28.7591930754391,5.35428697505657,4.04701036999305
516,D6d0S4-F0d03-Vc60d0-MJ009-K15,4,0.03,60.0,J009,15,47.06568389176039,18.7913500094523,28.585169385198103,5.11179905640817,4.1592073180373195
517,D6d0S4-F0d03-Vc60d0-MJ010-K15,4,0.03,60.0,J010,15,45.8103612198569,17.536027337548802,28.930032992860397,4.78910066177477,4.16195528682356
518,D6d0S4-F0d06-Vc15d0-MJ001-K11,4,0.06,15.0,J001,11,40.295516893077796,12.0211830107696,21.7692337295158,4.31405665629805,3.7206526664416097
519,D6d0S4-F0d06-Vc15d0-MJ002-K11,4,0.06,15.0,J002,11,43.437615763848,15.1632818815399,20.2030996920459,4.63884946685964,3.9314365529159505
520,D6d0S4-F0d06-Vc15d0-MJ003-K12,4,0.06,15.0,J003,12,50.0880764800471,21.813742597739,24.7309215875925,4.6095186221586,4.14783138681841
521,D6d0S4-F0d06-Vc15d0-MJ004-K12,4,0.06,15.0,J004,12,47.162633545914495,18.8882996636063,30.629730071212602,5.0343619580181596,4.0892098422918
522,D6d0S4-F0d06-Vc15d0-MJ005-K13,4,0.06,15.0,J005,13,45.2784238008013,17.0040899184932,27.331091084649895,4.82837435498427,4.0173762557438
523,D6d0S4-F0d06-Vc15d0-MJ006-K13,4,0.06,15.0,J006,13,49.5780923900731,21.303758507765,29.1497825134841,5.152387988069941,4.21115296162724
524,D6d0S4-F0d06-Vc15d0-MJ007-K14,4,0.06,15.0,J007,14,40.7832699127814,12.5089360304733,25.0711296775595,4.490019951860731,3.82430785583745
525,D6d0S4-F0d06-Vc15d0-MJ008-K14,4,0.06,15.0,J008,14,42.5814670461121,14.307432626804399,26.3089667100042,4.73435283547486,3.89368730870158
526,D6d0S4-F0d06-Vc15d0-MJ009-K15,4,0.06,15.0,J009,15,47.4228507535106,19.1485168712025,27.904612553642398,4.67137803083659,4.08976164908395
527,D6d0S4-F0d06-Vc15d0-MJ010-K15,4,0.06,15.0,J010,15,43.1361361272096,14.8618022449014,26.959248982851896,5.04989495834728,3.96496988279881
528,D6d0S4-F0d06-Vc30d0-MJ001-K11,4,0.06,30.0,J001,11,45.657997690131594,17.3836638078235,25.063609591956002,4.564205988900429,4.03941773276306
529,D6d0S4-F0d06-Vc30d0-MJ002-K11,4,0.06,30.0,J002,11,43.9506516178329,15.6763177355248,25.392975365211502,4.718173609490731,3.9805791099111096
530,D6d0S4-F0d06-Vc30d0-MJ003-K12,4,0.06,30.0,J003,12,48.1539892656051,19.879655383297,25.8649145053109,4.75209178013159,4.17467293704848
531,D6d0S4-F0d06-Vc30d0-MJ004-K12,4,0.06,30.0,J004,12,49.3879174222501,21.113583539941896,29.460792724205497,4.8484568003091395,4.1278302412942995
532,D6d0S4-F0d06-Vc30d0-MJ005-K13,4,0.06,30.0,J005,13,48.8658512676422,20.591517385334,30.451017260723802,5.39078481453802,4.298873318214381
533,D6d0S4-F0d06-Vc30d0-MJ006-K13,4,0.06,30.0,J006,13,48.475585715608794,20.201251833300603,26.9068773866948,4.88084648610493,4.12924990687706
534,D6d0S4-F0d06-Vc30d0-MJ007-K14,4,0.06,30.0,J007,14,39.73256814688,11.5131095748684,25.4156914026214,4.36409170789409,3.79926933540873
535,D6d0S4-F0d06-Vc30d0-MJ008-K14,4,0.06,30.0,J008,14,43.729924339993296,15.455590457685199,26.168136796789103,5.03712505455003,4.00061529686115
536,D6d0S4-F0d06-Vc30d0-MJ009-K15,4,0.06,30.0,J009,15,46.0649748729057,17.790640990597502,27.0410162140629,4.69615599475289,3.9809040358244503
537,D6d0S4-F0d06-Vc30d0-MJ010-K15,4,0.06,30.0,J010,15,47.036441802539606,18.7621079202315,26.855081006464896,4.80957230252426,4.02657815661879
538,D6d0S4-F0d06-Vc45d0-MJ001-K11,4,0.06,45.0,J001,11,44.0951440889169,15.820810206608801,24.052731198335,4.68914299475245,3.9469367198072005
539,D6d0S4-F0d06-Vc45d0-MJ002-K11,4,0.06,45.0,J002,11,43.2077115687403,14.9333776864322,24.1923555649156,4.830161361052981,3.8401897222958303
540,D6d0S4-F0d06-Vc45d0-MJ003-K12,4,0.06,45.0,J003,12,47.4350117923809,19.160677910072803,23.098042312834803,4.45254146735678,4.01783628502767
541,D6d0S4-F0d06-Vc45d0-MJ004-K12,4,0.06,45.0,J004,12,49.707978056683295,21.4336441743752,27.398638951639104,4.77288841758274,4.09914357249287
542,D6d0S4-F0d06-Vc45d0-MJ005-K13,4,0.06,45.0,J005,13,55.5265373137823,27.2522034314742,36.1691940785821,6.509130800205929,4.54886297148334
543,D6d0S4-F0d06-Vc45d0-MJ006-K13,4,0.06,45.0,J006,13,47.0085337055419,18.7341998232338,27.8402427048202,4.75630249415554,4.08904631818583
544,D6d0S4-F0d06-Vc45d0-MJ007-K14,4,0.06,45.0,J007,14,44.676487380705005,16.4021534983969,27.6587803132095,5.098920953062111,4.04941786967379
545,D6d0S4-F0d06-Vc45d0-MJ008-K14,4,0.06,45.0,J008,14,44.7355957507014,16.461261868393198,26.2098598357962,4.810425196232121,4.041989396332509
546,D6d0S4-F0d06-Vc45d0-MJ009-K15,4,0.06,45.0,J009,15,45.225910401537,16.9515765192288,26.723148971044697,4.69513332035219,4.06064954635234
547,D6d0S4-F0d06-Vc45d0-MJ010-K15,4,0.06,45.0,J010,15,45.8192779696145,17.5463974206927,27.6604254159164,4.91407041650774,4.02679037880279
548,D6d0S4-F0d06-Vc60d0-MJ001-K11,4,0.06,60.0,J001,11,44.5360692207928,16.2617353384847,22.5919263766989,4.75874713311714,3.95702490688829
549,D6d0S4-F0d06-Vc60d0-MJ002-K11,4,0.06,60.0,J002,11,45.0507542506839,16.7764203683758,22.042713036547,4.620895042302251,4.04199947885668
550,D6d0S4-F0d06-Vc60d0-MJ003-K12,4,0.06,60.0,J003,12,41.356272857550294,13.081938975242199,24.623632536430396,4.56052562052685,3.88871400958463
551,D6d0S4-F0d06-Vc60d0-MJ004-K12,4,0.06,60.0,J004,12,47.51286784896671,19.2385339666586,29.498612554029197,5.265013472844791,4.111522098642009
552,D6d0S4-F0d06-Vc60d0-MJ005-K13,4,0.06,60.0,J005,13,46.877443723943,18.6031098416348,27.6260304344102,5.1198286586613495,4.07322424262915
553,D6d0S4-F0d06-Vc60d0-MJ006-K13,4,0.06,60.0,J006,13,48.063061688896504,19.7887278065883,30.4148962023393,5.10466826472155,4.0964700496231
554,D6d0S4-F0d06-Vc60d0-MJ007-K14,4,0.06,60.0,J007,14,42.3385748455426,14.0642409632344,25.454182080430602,4.34405024700265,3.8241158579944505
555,D6d0S4-F0d06-Vc60d0-MJ008-K14,4,0.06,60.0,J008,14,42.4142647847317,14.139930902423599,25.668558826985198,4.99894358340422,3.8332731663942403
556,D6d0S4-F0d06-Vc60d0-MJ009-K15,4,0.06,60.0,J009,15,48.2158976566434,19.9415637743353,28.071369752128202,4.94401048061951,4.19894381854607
557,D6d0S4-F0d06-Vc60d0-MJ010-K15,4,0.06,60.0,J010,15,47.1628457658194,18.8885118835113,27.4595424401751,4.940900622944691,4.0184271082181
558,D6d0S4-F0d09-Vc15d0-MJ001-K11,4,0.09,15.0,J001,11,46.7454744048754,18.4711405225673,27.0538539848777,5.13611423370594,4.08553612619762
559,D6d0S4-F0d09-Vc15d0-MJ002-K11,4,0.09,15.0,J002,11,45.6758119296844,17.4014780473763,26.1277860212038,5.021481765327719,4.08493504765608
560,D6d0S4-F0d09-Vc15d0-MJ003-K12,4,0.09,15.0,J003,12,49.337207686116,21.062873803807896,27.054465260805998,4.701755235565759,4.17538427523566
561,D6d0S4-F0d09-Vc15d0-MJ004-K12,4,0.09,15.0,J004,12,51.4867220415333,23.212388159225195,37.7349854966516,6.50796104661941,4.30477745342707
562,D6d0S4-F0d09-Vc15d0-MJ005-K13,4,0.09,15.0,J005,13,48.5316558174264,20.2573219351182,33.7184454350774,5.38788027610847,4.14262003102717
563,D6d0S4-F0d09-Vc15d0-MJ006-K13,4,0.09,15.0,J006,13,52.5414746192661,24.267140736957998,33.5862867110061,5.12258208566897,4.25001035007327
564,D6d0S4-F0d09-Vc15d0-MJ007-K14,4,0.09,15.0,J007,14,46.913592716751204,18.6392588344431,26.910546108126802,5.07616685199161,4.12131841327608
565,D6d0S4-F0d09-Vc15d0-MJ008-K14,4,0.09,15.0,J008,14,46.4703988570104,18.1960649747022,27.980440734446802,4.97579703561751,4.01726072576357
566,D6d0S4-F0d09-Vc15d0-MJ009-K15,4,0.09,15.0,J009,15,43.5538017409419,15.2794678586337,25.543756325196398,4.659035949353361,3.93415507397893
567,D6d0S4-F0d09-Vc15d0-MJ010-K15,4,0.09,15.0,J010,15,48.2377156149446,19.9633817326365,26.764545894289604,4.879899337926,4.1605951336691405
568,D6d0S4-F0d09-Vc30d0-MJ001-K11,4,0.09,30.0,J001,11,54.7236435522719,26.4493096699638,42.312767227612,5.41958205750769,4.42642149655003
569,D6d0S4-F0d09-Vc30d0-MJ002-K11,4,0.09,30.0,J002,11,49.2735360093859,20.999202127077698,26.4707066387391,5.19425222423116,4.23096306329935
570,D6d0S4-F0d09-Vc30d0-MJ003-K12,4,0.09,30.0,J003,12,50.2177514610839,21.9434175787757,26.450048832246598,4.83361353174958,4.14682875638263
571,D6d0S4-F0d09-Vc30d0-MJ004-K12,4,0.09,30.0,J004,12,48.3432707464587,20.0689368641506,27.8490292514134,4.82765119982351,4.04375999742764
572,D6d0S4-F0d09-Vc30d0-MJ005-K13,4,0.09,30.0,J005,13,47.5218628462626,19.247528963954398,28.2660064515767,4.88554156455216,4.12836902379586
573,D6d0S4-F0d09-Vc30d0-MJ006-K13,4,0.09,30.0,J006,13,47.1455993184807,18.8712654361725,29.571784877726497,5.00181031526538,4.174696444582991
574,D6d0S4-F0d09-Vc30d0-MJ007-K14,4,0.09,30.0,J007,14,44.3875207941961,16.1131869118879,27.388155619114197,4.984795592863651,4.07500259026336
575,D6d0S4-F0d09-Vc30d0-MJ008-K14,4,0.09,30.0,J008,14,47.516462132177494,19.2421282498694,29.3885162440796,5.01060102117439,4.11929000316176
576,D6d0S4-F0d09-Vc30d0-MJ009-K15,4,0.09,30.0,J009,15,42.6501754303418,14.3758415480337,27.0283318663136,4.63427886885043,3.9212870848540096
577,D6d0S4-F0d09-Vc30d0-MJ010-K15,4,0.09,30.0,J010,15,45.148344012295894,16.8740101299878,28.2586270697649,4.86595321777501,4.00479623294886
578,D6d0S4-F0d09-Vc45d0-MJ001-K11,4,0.09,45.0,J001,11,53.08752559267901,24.813191710370802,37.3786937644431,5.43051551386493,4.41298843699242
579,D6d0S4-F0d09-Vc45d0-MJ002-K11,4,0.09,45.0,J002,11,55.4803279043602,27.205994022052103,41.494976744277004,5.90100595998922,4.5015805077615
580,D6d0S4-F0d09-Vc45d0-MJ003-K12,4,0.09,45.0,J003,12,46.35527038907189,18.080936506763802,26.4391472043604,4.7528440843035495,4.09109053195133
581,D6d0S4-F0d09-Vc45d0-MJ004-K12,4,0.09,45.0,J004,12,54.4246131305989,26.1502792482907,30.8354038534355,5.31237845459262,4.46810153392179
582,D6d0S4-F0d09-Vc45d0-MJ005-K13,4,0.09,45.0,J005,13,49.111920530214704,20.837586647906498,31.4122253319381,5.59856200710877,4.08252059525588
583,D6d0S4-F0d09-Vc45d0-MJ006-K13,4,0.09,45.0,J006,13,48.354675632865295,20.0803417505572,27.2453730728135,5.107806194825151,4.10759021963012
584,D6d0S4-F0d09-Vc45d0-MJ007-K14,4,0.09,45.0,J007,14,48.70696828174889,20.432634399440698,28.008565277177702,4.9767128772165,4.25955260025721
585,D6d0S4-F0d09-Vc45d0-MJ008-K14,4,0.09,45.0,J008,14,45.727897552105105,17.453563669797,29.0078934670406,4.929310981274581,4.02786296697093
586,D6d0S4-F0d09-Vc45d0-MJ009-K15,4,0.09,45.0,J009,15,46.7496918012146,18.4753579189065,31.4061723968324,5.0768404251291,4.03949615620705
587,D6d0S4-F0d09-Vc45d0-MJ010-K15,4,0.09,45.0,J010,15,44.2746171418404,16.000283259532303,27.980612211360697,4.8153993582057595,3.93127296260114
588,D6d0S4-F0d09-Vc60d0-MJ001-K11,4,0.09,60.0,J001,11,52.69768189700171,24.423348014693605,42.0605979719134,5.77874435037768,4.38930625509028
589,D6d0S4-F0d09-Vc60d0-MJ002-K11,4,0.09,60.0,J002,11,56.4919125760346,28.2175786937265,40.9689132702569,5.631249269843071,4.5119825532384406
590,D6d0S4-F0d09-Vc60d0-MJ003-K12,4,0.09,60.0,J003,12,51.561408437940905,23.287074555632802,28.309027488054102,5.36418280104957,4.3673032355011
591,D6d0S4-F0d09-Vc60d0-MJ004-K12,4,0.09,60.0,J004,12,48.0083543278989,19.7340204455908,26.472492999442395,4.71775094954946,4.08385028528907
592,D6d0S4-F0d09-Vc60d0-MJ005-K13,4,0.09,60.0,J005,13,47.203468281818296,18.9291343995102,29.077720236895498,4.995277630353731,4.08692790846
593,D6d0S4-F0d09-Vc60d0-MJ006-K13,4,0.09,60.0,J006,13,51.105565752001496,22.8312318696935,28.8216408399338,4.979384384596241,4.1609923436880605
594,D6d0S4-F0d09-Vc60d0-MJ007-K14,4,0.09,60.0,J007,14,44.7478347816428,16.4735008993347,28.856600669918603,5.006372917001,3.9616223030692796
595,D6d0S4-F0d09-Vc60d0-MJ008-K14,4,0.09,60.0,J008,14,45.8564431983065,17.582109315998302,28.3800855871498,4.87145670940604,4.04696188267402
596,D6d0S4-F0d09-Vc60d0-MJ009-K15,4,0.09,60.0,J009,15,43.368967134666605,15.0946332523585,26.435706510967897,4.6757800133085095,3.9264867651272404
597,D6d0S4-F0d09-Vc60d0-MJ010-K15,4,0.09,60.0,J010,15,47.45071990455,19.176386022241896,26.66408004991,4.767639158626349,4.0350437153497
598,D6d0S4-F0d12-Vc15d0-MJ001-K11,4,0.12,15.0,J001,11,44.3580644164742,16.0837305341661,39.0245965248324,4.8850469619662,3.97479448926637
599,D6d0S4-F0d12-Vc15d0-MJ002-K11,4,0.12,15.0,J002,11,48.0279012493917,19.753567367083498,75.4276704475687,5.466402947546951,4.05657825855058
600,D6d0S4-F0d12-Vc15d0-MJ003-K12,4,0.12,15.0,J003,12,48.3752457666246,20.1009118843164,27.807045478122202,5.41652398418758,4.36799480889034
601,D6d0S4-F0d12-Vc15d0-MJ004-K12,4,0.12,15.0,J004,12,49.4813191057372,21.2069852234291,29.4075884473409,5.13772723607821,4.1776176095028905
602,D6d0S4-F0d12-Vc15d0-MJ005-K13,4,0.12,15.0,J005,13,47.796973712375,19.522639830066897,28.2148219614888,4.79219395226004,4.04263797224771
603,D6d0S4-F0d12-Vc15d0-MJ006-K13,4,0.12,15.0,J006,13,47.589474275475595,19.3151403931675,27.7992701207598,4.73954027454013,4.08203533012685
604,D6d0S4-F0d12-Vc15d0-MJ007-K14,4,0.12,15.0,J007,14,48.166725719007395,19.8923918366993,30.258639240929103,5.32466505472013,4.22967499504312
605,D6d0S4-F0d12-Vc15d0-MJ008-K14,4,0.12,15.0,J008,14,41.8090190742289,13.5346851919207,25.539335898305602,4.66263416174356,3.8756131910975897
606,D6d0S4-F0d12-Vc15d0-MJ009-K15,4,0.12,15.0,J009,15,48.2126817841196,19.9383479018115,27.7025056239817,4.78961004824929,4.1541948324676605
607,D6d0S4-F0d12-Vc15d0-MJ010-K15,4,0.12,15.0,J010,15,45.4267679968163,17.1524341145082,27.3114747350666,4.8008098630085305,4.02214212977793
608,D6d0S4-F0d12-Vc30d0-MJ001-K11,4,0.12,30.0,J001,11,46.2552432749675,17.9809093926594,67.90813639808471,5.556105815163161,4.14864026066304
609,D6d0S4-F0d12-Vc30d0-MJ002-K11,4,0.12,30.0,J002,11,47.5423012520535,19.2679673697453,53.773043334948206,5.75156577270671,4.1619766583910796
610,D6d0S4-F0d12-Vc30d0-MJ003-K12,4,0.12,30.0,J003,12,45.0283606702925,16.7540267879844,24.475174900643502,4.58587166409571,4.09000270826394
611,D6d0S4-F0d12-Vc30d0-MJ004-K12,4,0.12,30.0,J004,12,50.20508801161179,21.930754129303605,31.321146778174896,5.44054637560925,4.24478982426825
612,D6d0S4-F0d12-Vc30d0-MJ005-K13,4,0.12,30.0,J005,13,49.093667595224105,20.8193337129159,30.8179179018668,5.29037961230546,4.1809762620801
613,D6d0S4-F0d12-Vc30d0-MJ006-K13,4,0.12,30.0,J006,13,54.5571062390213,26.2827723567131,37.0418114888311,5.914572947544889,4.43753834307297
614,D6d0S4-F0d12-Vc30d0-MJ007-K14,4,0.12,30.0,J007,14,47.8128905969988,19.5385567146907,28.0804083243721,5.03690556894421,4.17682222002955
615,D6d0S4-F0d12-Vc30d0-MJ008-K14,4,0.12,30.0,J008,14,43.823603458506604,15.5492695761985,26.0534674445737,4.6530752287570305,3.9763598038703
616,D6d0S4-F0d12-Vc30d0-MJ009-K15,4,0.12,30.0,J009,15,48.112000182205,19.8376662998968,26.3316090693682,4.92760763379797,4.105412959289549
617,D6d0S4-F0d12-Vc30d0-MJ010-K15,4,0.12,30.0,J010,15,42.3448682651224,14.0705343828142,25.777361528400302,4.76336958596988,3.8844895911853703
618,D6d0S4-F0d12-Vc45d0-MJ001-K11,4,0.12,45.0,J001,11,43.2531243836914,14.9787905013833,70.0940832175928,5.18706736118716,3.9280080357341403
619,D6d0S4-F0d12-Vc45d0-MJ002-K11,4,0.12,45.0,J002,11,46.4339913296676,18.159657447359397,77.96632997041371,5.36907630822219,4.02105409722234
620,D6d0S4-F0d12-Vc45d0-MJ003-K12,4,0.12,45.0,J003,12,49.8820341849276,21.6077003026195,64.48153827265229,5.34339395260018,4.19981752248948
621,D6d0S4-F0d12-Vc45d0-MJ004-K12,4,0.12,45.0,J004,12,45.188779123406896,16.9144452410988,28.549568705086003,4.7746668756907,4.019149970754079
622,D6d0S4-F0d12-Vc45d0-MJ005-K13,4,0.12,45.0,J005,13,45.2633492267754,16.989015344467198,28.797185698002302,4.81074504793322,4.03329192838731
623,D6d0S4-F0d12-Vc45d0-MJ006-K13,4,0.12,45.0,J006,13,46.5246271180946,18.2502932357865,26.501163730234698,4.732478594486389,4.03562342236498
624,D6d0S4-F0d12-Vc45d0-MJ008-K14,4,0.12,45.0,J008,14,45.00260566270121,16.7282717803931,27.651948858053302,4.8266944591815495,4.0719657259637305
625,D6d0S4-F0d12-Vc45d0-MJ009-K15,4,0.12,45.0,J009,15,43.9991701578294,15.7248362755212,26.049470583096,4.72016401683784,3.9530265905054502
626,D6d0S4-F0d12-Vc45d0-MJ010-K15,4,0.12,45.0,J010,15,45.027836959157,16.7535030768489,26.9229593890408,4.76682773317946,3.97317478664129
627,D6d0S4-F0d12-Vc45d0-MJ007-K14,4,0.12,45.0,J007,14,48.9932099726771,20.718876090368898,27.7585682811742,4.80179414466181,4.143086422886499
628,D6d0S4-F0d12-Vc60d0-MJ001-K11,4,0.12,60.0,J001,11,48.6667400338565,20.392406151548396,28.0691346593288,5.08372371731632,4.11925101662422
629,D6d0S4-F0d12-Vc60d0-MJ002-K11,4,0.12,60.0,J002,11,45.1233764112327,16.8490425289245,25.1778052805899,4.69564871075108,3.9896782284203898
630,D6d0S4-F0d12-Vc60d0-MJ003-K12,4,0.12,60.0,J003,12,48.1818737876079,19.9075399052997,28.1183018064605,5.0522053008315195,4.13982843305159
631,D6d0S4-F0d12-Vc60d0-MJ004-K12,4,0.12,60.0,J004,12,52.4985149910221,24.224181108714,33.8981804184936,5.389776072181999,4.47490717314238
632,D6d0S4-F0d12-Vc60d0-MJ005-K13,4,0.12,60.0,J005,13,52.5343720776203,24.260038195312198,37.5900245985821,6.5904023824824405,4.47231249549509
633,D6d0S4-F0d12-Vc60d0-MJ006-K13,4,0.12,60.0,J006,13,50.769262551393204,22.494928669085002,29.9168478905726,5.19237560089016,4.284813809672221
634,D6d0S4-F0d12-Vc60d0-MJ007-K14,4,0.12,60.0,J007,14,48.5311316378162,20.256797755508,29.516664845440804,4.8034226530119595,4.16846813609939
635,D6d0S4-F0d12-Vc60d0-MJ008-K14,4,0.12,60.0,J008,14,43.1452227685087,14.8708888862006,27.0719349835711,4.670902778522049,3.8716792098052
636,D6d0S4-F0d12-Vc60d0-MJ009-K15,4,0.12,60.0,J009,15,42.681432216141296,14.407098333833101,26.787792692709303,4.734150183482139,3.90339460616579
637,D6d0S4-F0d12-Vc60d0-MJ010-K15,4,0.12,60.0,J010,15,46.6472669220567,18.372933039748602,30.0534583447702,4.997320174958991,4.0773237264997295
